distanceFront, distanceLeft, distanceRight, torque
1000, 0.7731784, 0.6968288, 0

1000, 0.7733, 0.6967067, 0

1000, 0.7734225, 0.6965851, 0

1000, 0.7735441, 0.6964625, 0

1000, 0.7736667, 0.6963404, 0

1000, 0.7737887, 0.6962184, 0

1000, 0.7737887, 0.6962184, 0

1000, 0.7739108, 0.6960964, 0

1000, 0.7747653, 0.6952418, 0

1000, 0.7748873, 0.6951202, 0

1000, 0.7748873, 0.6951202, 0

1000, 0.7750095, 0.6949977, 0

1.960016, 0.775131, 0.6948756, 0

1.920016, 0.7752531, 0.694754, 0

1.880016, 0.9853767, 0.6946315, 0

1.840016, 0.9854987, 0.6945094, 0

1.840016, 0.9854987, 0.6945094, 0

1.800016, 0.9856208, 0.6943873, 0

1.760016, 0.9857429, 0.6942657, 0

1.720016, 0.9858649, 0.6941432, 0

1.680016, 0.985987, 0.6940211, 0

1.640016, 0.9861086, 0.483898, 122.5843

1.640016, 0.9861086, 0.483898, 122.5843

1.600016, 0.9862311, 0.483776, 122.5965

1.561238, 0.9871256, 0.4840329, 122.6282

1.52522, 0.9881169, 0.4868932, 122.5353

1.703511, 0.9892103, 0.4923874, 0

1.674039, 0.9904045, 0.5005699, 0

1.674039, 0.9904045, 0.5005699, 0

1.634039, 0.9836239, 0.5073516, 0

1.594039, 0.9768417, 0.5141327, 0

1.554039, 0.9700611, 0.5209138, 0

1.514039, 1.120333, 0.5276954, 127.1623

1.514039, 1.120333, 0.5276954, 127.1623

1.474039, 1.169495, 0.5344756, 129.3664

1.446331, 1.17268, 0.5458964, 128.9351

1.421594, 1.176693, 0.560536, 128.3807

1.399567, 1.154993, 0.5784942, 126.3329

1.380217, 1.123202, 0.5999472, 123.6347

1.380217, 1.123202, 0.5999472, 123.6347

1.59042, 1.100827, 0.6249815, 0

1.579973, 1.085395, 0.6537065, 0

1.539973, 1.171635, 0.6722594, 0

1.499973, 1.161103, 0.6908121, 0

1.459973, 1.14255, 0.6522432, 0

1.459973, 1.14255, 0.6522432, 0

1.419973, 1.123997, 0.5660033, 125.3885

1.379973, 1.105445, 0.5149807, 127.0503

1.369038, 1.110467, 0.5451061, 125.7637

1.361617, 1.116458, 0.5797005, 124.3135

1.357174, 1.12285, 0.6189423, 122.6687

1.357174, 1.12285, 0.6189423, 122.6687

1.355792, 1.129601, 0.6632574, 0

1.357568, 1.136651, 0.7131307, 0

1.317568, 1.106097, 0.6870565, 0

1.277568, 1.095079, 0.6346899, 0

1.237568, 1.147445, 0.582323, 125.7515

1.237568, 1.147445, 0.582323, 125.7515

1.197567, 1.199813, 0.5710903, 129.0365

1.198864, 1.185294, 0.6231076, 125.6019

1.490071, 1.171298, 0.6829011, 0

1.512115, 1.160592, 0.6221152, 124.4002

1.472115, 1.200628, 0.5820787, 128.5053

1.472115, 1.200628, 0.5820787, 128.5053

1.49845, 1.190125, 0.558077, 129.2106

1.534924, 1.179528, 0.6332173, 124.7959

1.581507, 1.170066, 0.6801293, 0

1.636188, 1.163067, 0.6292302, 124.1664

1.636188, 1.163067, 0.6292302, 124.1664

1.596189, 1.190969, 0.6013286, 127.0078

1.660804, 1.184224, 0.5571269, 128.9515

1.744119, 1.177669, 0.5176783, 130.6828

1.850797, 1.171576, 0.4827178, 132.2215

1.988337, 1.166015, 0.5238608, 129.7412

1.988337, 1.166015, 0.5238608, 129.7412

1000, 1.161036, 0.6515393, 122.947

1000, 1.157223, 0.6245362, 124.1085

1000, 1.154927, 0.601845, 125.1391

1000, 1.152985, 0.5824552, 126.0275

1000, 1.151431, 0.5662356, 126.7792

1000, 1.151431, 0.5662356, 126.7792

1000, 1.150298, 0.5530779, 127.3988

1000, 1.190657, 0.542896, 130.0365

1000, 1.358214, 0.5356262, 139.5888

1000, 1.359747, 0.531214, 139.9257

1000, 1.360523, 0.529744, 140.0532

1000, 1.360523, 0.529744, 140.0532

1000, 1.362589, 0.7419367, 128.615

1000, 1.365971, 0.7478544, 128.4828

1000, 1.36981, 0.7571146, 128.2007

1000, 1.374655, 0.769852, 127.7911

1000, 1.380525, 0.7861882, 127.2499

1000, 1.380525, 0.7861882, 127.2499

1.688192, 1.387443, 0.8062761, 126.5722

1.43838, 1.840579, 0.8303024, 150.6263

1.243372, 1.857117, 0.8584887, 149.9166

0.8969602, 1.364817, 1.501301, 0

1000, 0.7356659, 0.7343407, 0

1000, 0.735788, 0.7342187, 0

1000, 0.735788, 0.7342187, 0

1000, 0.7359101, 0.7340966, 0

1000, 0.7360321, 0.7339745, 0

1000, 0.7361547, 0.7338524, 0

1000, 0.7362758, 0.7337304, 0

1000, 0.7363983, 0.7336083, 0

1000, 0.7363983, 0.7336083, 0

1000, 0.7365204, 0.7334862, 0

1000, 0.7366425, 0.7333642, 0

1000, 0.7367646, 0.7332421, 0

1000, 0.7368866, 0.73312, 0

1000, 0.7370087, 0.732998, 0

1000, 0.7370087, 0.732998, 0

1000, 0.7371308, 0.7328759, 0

1000, 0.7372524, 0.7327538, 0

1000, 0.7373749, 0.7326317, 0

1000, 0.737497, 0.7325097, 0

1000, 0.737619, 0.7323876, 0

1000, 0.737619, 0.7323876, 0

1000, 0.7377411, 0.7322656, 0

1000, 0.7378637, 0.7321435, 0

1000, 0.7379852, 0.7320214, 0

1000, 0.7381073, 0.7318993, 0

1000, 0.7382299, 0.7317773, 0

1000, 0.7382299, 0.7317773, 0

1000, 0.7383515, 0.7316552, 0

1000, 0.7384731, 0.7315332, 0

1000, 0.7385955, 0.731411, 0

1000, 0.7387171, 0.731289, 0

1000, 0.7388397, 0.731167, 0

1000, 0.7388397, 0.731167, 0

1000, 0.7389613, 0.7310448, 0

1000, 0.7390839, 0.7309228, 0

1000, 0.739206, 0.7308007, 0

1000, 0.739328, 0.7306786, 0

1000, 0.739328, 0.7306786, 0

1000, 0.7394501, 0.7305566, 0

1000, 0.7395722, 0.7304345, 0

1000, 0.7396938, 0.7303124, 0

1000, 0.7398163, 0.7301904, 0

1000, 0.7399384, 0.7300683, 0

1000, 0.7399384, 0.7300683, 0

1000, 0.7400604, 0.7299457, 0

1000, 0.7401825, 0.7298241, 0

1000, 0.7403046, 0.7297021, 0

1000, 0.7404271, 0.72958, 0

1000, 0.7405492, 0.7294574, 0

1000, 0.7405492, 0.7294574, 0

1000, 0.7406713, 0.7293354, 0

1.980532, 0.7407933, 0.7292138, 0

1.940531, 0.7409149, 0.7290917, 0

1.900531, 0.741037, 0.7289696, 0

1.860531, 0.9511601, 0.7288476, 0

1.860531, 0.9511601, 0.7288476, 0

1.820531, 0.9512822, 0.7287255, 0

1.780531, 0.9514042, 0.7286034, 0

1.740531, 0.9515263, 0.7284814, 0

1.700531, 0.9516484, 0.7283593, 0

1.660531, 0.9517704, 0.5182362, 0

1.660531, 0.9517704, 0.5182362, 0

1.620531, 0.9518925, 0.5181141, 0

1.580531, 0.9520141, 0.517992, 0

1.540531, 0.9521367, 0.5178695, 0

1.500531, 0.9522583, 0.5177475, 0

1.500531, 0.9522583, 0.5177475, 0

1.460531, 1.162382, 0.5176259, 129.8781

1.420531, 1.162504, 0.5175038, 129.891

1.381757, 1.163658, 0.5178411, 129.934

1.55652, 1.165393, 0.5210626, 129.8557

1.524142, 1.167722, 0.5272098, 129.6548

1.524142, 1.167722, 0.5272098, 129.6548

1.494716, 1.170659, 0.5363487, 129.3292

1.468162, 1.121079, 0.5485746, 126.1284

1.444421, 1.083268, 0.5640082, 123.4347

1.423009, 1.060237, 0.5826216, 0

1.627823, 1.04573, 0.6045029, 0

1.627823, 1.04573, 0.6045029, 0

1.587824, 1.15348, 0.619352, 124.181

1.547824, 1.157826, 0.6342011, 123.6533

1.533913, 1.162753, 0.6602798, 122.5974

1.52299, 1.168203, 0.6903133, 0

1.515006, 1.174092, 0.6236328, 125.0061

1.515006, 1.174092, 0.6236328, 125.0061

1.475006, 1.153031, 0.5476627, 127.8204

1.470135, 1.15968, 0.5422983, 128.4445

1.469812, 1.167865, 0.5813329, 126.8479

1.473851, 1.177244, 0.6258299, 125.0545

1.481843, 1.173228, 0.6761389, 0

1.481843, 1.173228, 0.6761389, 0

1.769837, 1.160722, 0.7328874, 0

1.729836, 1.163882, 0.7356547, 0

1.689836, 1.129817, 0.6886855, 0

1.649836, 1.095752, 0.6417167, 0

1.609836, 1.061687, 0.5947475, 0

1.609836, 1.061687, 0.5947475, 0

1.569836, 1.071677, 0.6273789, 0

1.529836, 1.118647, 0.6614441, 0

1.489836, 1.165615, 0.6955091, 0

1.449836, 1.201261, 0.7295742, 0

1.409836, 1.167195, 0.683793, 0

1.409836, 1.167195, 0.683793, 0

1.369835, 1.133131, 0.6368235, 0

1.329836, 1.099065, 0.5898547, 122.9327

1.289835, 1.07657, 0.5900008, 0

1.298416, 1.071007, 0.6483235, 0

1.298416, 1.071007, 0.6483235, 0

1.258416, 1.113729, 0.6854616, 0

1.218416, 1.156812, 0.6950462, 0

1.178416, 1.199895, 0.6519629, 124.8781

1.138416, 1.209013, 0.6088796, 127.5493

1.145814, 1.222443, 0.5409448, 131.8275

1.145814, 1.222443, 0.5409448, 131.8275

1.159171, 1.216853, 0.480828, 134.7745

1.180495, 1.204272, 0.4274231, 137.0239

1.210977, 1.192407, 0.468321, 134.1236

1.252507, 1.181482, 0.5582138, 128.7514

1.304282, 1.172754, 0.5483187, 128.8124

1.304282, 1.172754, 0.5483187, 128.8124

1.366375, 1.166409, 0.5105247, 130.4654

1.446125, 1.160921, 0.4772823, 131.9419

1.551152, 1.155933, 0.448048, 133.2455

1.691106, 1.151493, 0.4225476, 134.3881

1.881403, 1.147638, 0.4005444, 135.3806

1.881403, 1.147638, 0.4005444, 135.3806

1000, 1.144396, 0.3818345, 136.2324

1000, 1.141792, 0.3662472, 136.9515

1000, 1.139843, 0.3536426, 137.5444

1000, 1.240218, 0.3819812, 141.6211

1000, 1.348678, 0.5476714, 138.3727

1000, 1.348678, 0.5476714, 138.3727

1000, 1.348144, 0.5428534, 138.6132

1000, 1.3489, 0.5413362, 138.741

1000, 1.350876, 0.5430161, 138.7577

1000, 1.354097, 0.547927, 138.6627

1000, 1.358593, 0.5561362, 138.454

1000, 1.358593, 0.5561362, 138.454

1000, 1.364398, 0.5677454, 138.1286

1000, 1.367759, 0.5866932, 137.2584

1000, 0.7316146, 0.7383925, 0

1000, 0.7316146, 0.7383925, 0

1000, 0.7317367, 0.7382704, 0

1000, 0.7318584, 0.7381483, 0

1000, 0.7319809, 0.7380263, 0

1000, 0.7321029, 0.7379037, 0

1000, 0.732225, 0.7377821, 0

1000, 0.732225, 0.7377821, 0

1000, 0.7323471, 0.73766, 0

1000, 0.7324687, 0.7375375, 0

1000, 0.7325907, 0.7374159, 0

1000, 0.7327128, 0.7372938, 0

1000, 0.7328349, 0.7371717, 0

1000, 0.7328349, 0.7371717, 0

1000, 0.7329569, 0.7370497, 0

1000, 0.7330791, 0.7369276, 0

1000, 0.7332011, 0.7368055, 0

1000, 0.7333237, 0.736683, 0

1000, 0.7334458, 0.7365609, 0

1000, 0.7334458, 0.7365609, 0

1000, 0.7335678, 0.7364389, 0

1000, 0.7336894, 0.7363173, 0

1000, 0.7338114, 0.7361952, 0

1000, 0.733934, 0.7360731, 0

1000, 0.7340561, 0.7359511, 0

1000, 0.7340561, 0.7359511, 0

1000, 0.7341776, 0.735829, 0

1000, 0.7343002, 0.7357069, 0

1000, 0.7344223, 0.7355844, 0

1000, 0.7345439, 0.7354628, 0

1000, 0.7345439, 0.7354628, 0

1000, 0.7346665, 0.7353407, 0

1000, 0.7347881, 0.7352182, 0

1000, 0.7349106, 0.7350966, 0

1000, 0.7350322, 0.7349745, 0

1000, 0.7351547, 0.7348524, 0

1000, 0.7351547, 0.7348524, 0

1000, 0.7352768, 0.7347304, 0

1000, 0.7353984, 0.7346078, 0

1000, 0.735521, 0.7344862, 0

1000, 0.735643, 0.7343642, 0

1000, 0.7357646, 0.734242, 0

1000, 0.7357646, 0.734242, 0

1000, 0.7358866, 0.73412, 0

1000, 0.7360092, 0.7339974, 0

1000, 0.7361313, 0.7338758, 0

1000, 0.7362534, 0.7337537, 0

1000, 0.7363755, 0.7336312, 0

1000, 0.7363755, 0.7336312, 0

1000, 0.7364975, 0.7335096, 0

1000, 0.7366196, 0.7333875, 0

1.971251, 0.7367412, 0.7332655, 0

1.931251, 0.7368637, 0.7331434, 0

1.891251, 0.9469863, 0.7330213, 0

1.891251, 0.9469863, 0.7330213, 0

1.851251, 0.9471084, 0.7328992, 0

1.811251, 0.9472305, 0.7327772, 0

1.771251, 0.9473525, 0.7326551, 0

1.731251, 0.9474747, 0.7325331, 0

1.731251, 0.9474747, 0.7325331, 0

1.691251, 0.9475967, 0.732411, 0

1.651251, 0.9477187, 0.5222879, 0

1.611251, 0.9478408, 0.5221658, 0

1.571251, 0.9479629, 0.5220438, 0

1.531251, 0.948085, 0.5219217, 0

1.531251, 0.948085, 0.5219217, 0

1.491251, 0.948207, 0.5217996, 0

1.451251, 1.15833, 0.5216776, 129.4521

1.411251, 1.158452, 0.5215555, 129.4649

1.37246, 1.159595, 0.5218931, 129.5072

1.547163, 1.161302, 0.5251104, 129.4279

1.547163, 1.161302, 0.5251104, 129.4279

1.514688, 1.163584, 0.5312476, 129.2257

1.485124, 1.166454, 0.5403714, 128.8984

1.458392, 1.166841, 0.5525756, 128.2823

1.434429, 1.121963, 0.5679798, 125.1848

1.413166, 1.090993, 0.5867228, 122.6867

1.413166, 1.090993, 0.5867228, 122.6867

1.618178, 1.071123, 0.608793, 0

1.605169, 1.057971, 0.6343304, 0

1.565169, 1.152921, 0.6511813, 122.5609

1.525169, 1.15496, 0.6680326, 0

1.513799, 1.160048, 0.6980857, 0

1.513799, 1.160048, 0.6980857, 0

1.473799, 1.141147, 0.661226, 0

1.4338, 1.122244, 0.5765798, 124.7633

1.393799, 1.103343, 0.5225242, 126.5543

1.383545, 1.108267, 0.5533226, 125.2336

1.376894, 1.114176, 0.588657, 123.7483

1.376894, 1.114176, 0.588657, 123.7483

1.373257, 1.120458, 0.6286921, 0

1.372723, 1.127067, 0.6738607, 0

1.332723, 1.098757, 0.7021707, 0

1.292724, 1.081556, 0.7304808, 0

1.292724, 1.081556, 0.7304808, 0

1.252724, 1.138073, 0.6794658, 0

1.212724, 1.194589, 0.6229491, 126.0842

1.172724, 1.242792, 0.5664328, 131.5531

1.17026, 1.232284, 0.6058792, 128.9153

1.44915, 1.213398, 0.6611362, 125.0975

1.44915, 1.213398, 0.6611362, 125.0975

1.466805, 1.198352, 0.6487252, 124.9639

1.488793, 1.186876, 0.57932, 127.9338

1.517534, 1.176923, 0.5604816, 128.3955

1.556186, 1.167232, 0.6371208, 123.9789

1.60515, 1.15864, 0.6788567, 0

1.60515, 1.15864, 0.6788567, 0

1.66251, 1.152363, 0.629054, 123.6375

1.62251, 1.179744, 0.6016729, 126.4134

1.690525, 1.17359, 0.5583376, 128.3336

1.778024, 1.167589, 0.5196564, 130.0455

1.889995, 1.162, 0.485373, 131.5674

1.889995, 1.162, 0.485373, 131.5674

1000, 1.156894, 0.5313565, 128.8699

1000, 1.152322, 0.6546324, 0

1000, 1.148883, 0.6282473, 123.5035

1000, 1.16268, 0.6144506, 124.8931

1000, 1.160321, 0.5924053, 125.894

1000, 1.160321, 0.5924053, 125.894

1000, 1.158317, 0.5736249, 126.7533

1000, 1.156734, 0.5580027, 127.4769

1000, 1.155602, 0.5454331, 128.0694

1000, 1.154945, 0.535833, 128.5347

1000, 1.154786, 0.5291423, 128.8755

1000, 1.154786, 0.5291423, 128.8755

1000, 1.155141, 0.5253226, 129.0939

1000, 1.366076, 0.7344074, 129.1908

1000, 1.367925, 0.7367233, 129.1662

1000, 1.370762, 0.7423647, 129.0195

1000, 1.370762, 0.7423647, 129.0195

1000, 1.374608, 0.7513949, 128.7486

1000, 1.379484, 0.7639057, 128.3506

1000, 1.385412, 0.7800182, 127.8217

1.719869, 1.392417, 0.799885, 127.1568

1.463721, 1.400523, 0.8236934, 126.3499

1.463721, 1.400523, 0.8236934, 126.3499

1.264373, 1.409758, 0.8516657, 125.3936

1.103768, 1.88099, 0.8840645, 149.8131

0.893945, 1.377924, 1.515719, 0

0.893945, 1.377924, 1.515719, 0

1000, 0.7355505, 0.7344562, 0

1000, 0.7356726, 0.7343345, 0

1000, 0.7357942, 0.734212, 0

1000, 0.7359162, 0.7340904, 0

1000, 0.7360388, 0.7339683, 0

1000, 0.7360388, 0.7339683, 0

1000, 0.7361609, 0.7338458, 0

1000, 0.7362829, 0.7337242, 0

1000, 0.736405, 0.7336021, 0

1000, 0.7365271, 0.7334801, 0

1000, 0.7366487, 0.7333575, 0

1000, 0.7366487, 0.7333575, 0

1000, 0.7367707, 0.7332359, 0

1000, 0.7368933, 0.7331138, 0

1000, 0.7370154, 0.7329918, 0

1000, 0.7371374, 0.7328697, 0

1000, 0.7371374, 0.7328697, 0

1000, 0.7372595, 0.7327477, 0

1000, 0.7373816, 0.7326256, 0

1000, 0.7375032, 0.7325035, 0

1000, 0.7376252, 0.7323814, 0

1000, 0.7377478, 0.7322593, 0

1000, 0.7377478, 0.7322593, 0

1000, 0.7378699, 0.7321373, 0

1000, 0.7379915, 0.7320147, 0

1000, 0.738114, 0.7318932, 0

1000, 0.738236, 0.7317711, 0

1000, 0.7383576, 0.731649, 0

1000, 0.7383576, 0.731649, 0

1000, 0.7384802, 0.7315269, 0

1000, 0.7386018, 0.7314048, 0

1000, 0.7387243, 0.7312828, 0

1000, 0.7388459, 0.7311608, 0

1000, 0.7389685, 0.7310386, 0

1000, 0.7389685, 0.7310386, 0

1000, 0.7390901, 0.7309166, 0

1000, 0.7392126, 0.7307945, 0

1000, 0.7393347, 0.7306724, 0

1000, 0.7394563, 0.7305504, 0

1000, 0.7395788, 0.7304283, 0

1000, 0.7395788, 0.7304283, 0

1000, 0.7397009, 0.7303062, 0

1000, 0.739823, 0.7301841, 0

1000, 0.7399446, 0.7300621, 0

1000, 0.7400666, 0.72994, 0

1000, 0.7401887, 0.7298179, 0

1000, 0.7401887, 0.7298179, 0

1000, 0.7403113, 0.7296959, 0

1000, 0.7404333, 0.7295738, 0

1000, 0.7405554, 0.7294517, 0

1.980336, 0.7406775, 0.7293296, 0

1.980336, 0.7406775, 0.7293296, 0

1.300337, 1.162754, 0.5172539, 129.9173

1.260337, 1.372877, 0.5171314, 141.4781

1.221421, 1.164032, 0.5174686, 129.9733

1.185335, 1.166191, 0.5208793, 129.9074

1.185335, 1.166191, 0.5208793, 129.9074

1.363291, 1.16858, 0.5272886, 129.6958

1.332976, 1.171581, 0.5366986, 129.3592

1.305183, 1.175202, 0.5492047, 128.894

1.279842, 1.179454, 0.5649337, 128.2956

1.256896, 1.184344, 0.5840379, 127.5583

1.256896, 1.184344, 0.5840379, 127.5583

1.236303, 1.189877, 0.6067066, 126.6751

1.446685, 1.196057, 0.6331602, 125.6381

1.435388, 1.202881, 0.5551968, 130.0324

1.427017, 1.210341, 0.4599023, 135.5644

1.423282, 1.219846, 0.4940687, 134.2156

1.423282, 1.219846, 0.4940687, 134.2156

1.425252, 1.232149, 0.5337661, 132.7331

1.431399, 1.243735, 0.5790619, 130.9312

1.442014, 1.22252, 0.6306145, 127.1245

1.738194, 1.205231, 0.6891639, 123.275

1.769559, 1.191959, 0.6172944, 126.239

1.769559, 1.191959, 0.6172944, 126.239

1.806569, 1.181929, 0.5521353, 129.0926

1.854687, 1.172114, 0.5941772, 126.4066

1.916272, 1.162629, 0.6762452, 0

1.989217, 1.155143, 0.6565937, 0

1.949216, 1.183959, 0.6277773, 125.2964

1.949216, 1.183959, 0.6277773, 125.2964

1.909217, 1.212776, 0.5989609, 128.2589

1.991888, 1.20483, 0.6158942, 126.9716

1000, 1.197153, 0.7271543, 0

1000, 1.190775, 0.7148948, 0

1000, 1.212192, 0.6934774, 123.4074

1000, 1.212192, 0.6934774, 123.4074

1000, 1.215593, 0.6720595, 124.6555

1000, 1.22788, 0.636568, 127.0939

1000, 1.222713, 0.6052304, 128.4498

1000, 1.217923, 0.5776699, 129.6412

1000, 1.217923, 0.5776699, 129.6412

1000, 1.213727, 0.6490518, 125.7287

1000, 1.210161, 0.7513066, 0

1000, 1.207731, 0.7320003, 0

1000, 1.216967, 0.7227644, 0

1000, 1.21695, 0.7135283, 122.6445

1000, 1.21695, 0.7135283, 122.6445

1000, 1.04372, 0.7042918, 0

1000, 1.069501, 0.6888847, 0

1000, 1.027464, 0.6814337, 0

1000, 1.034914, 0.6739829, 0

1000, 1.042365, 0.6665319, 0

1000, 1.042365, 0.6665319, 0

1000, 1.049816, 0.659081, 0

1000, 1.057267, 0.6516302, 0

1000, 0.9278303, 0.6441792, 0

1000, 0.8585569, 0.6367282, 0

1000, 0.8660078, 0.648433, 0

1000, 0.8660078, 0.648433, 0

1000, 0.8734587, 0.8354385, 0

1000, 0.8809097, 0.8279876, 0

1000, 0.8883603, 0.8205366, 0

1000, 0.7861605, 0.8130856, 0

1000, 0.6896504, 0.8056348, 0

1000, 0.6896504, 0.8056348, 0

1000, 0.6971012, 0.7981838, 0

1000, 0.7045522, 0.7907329, 0

1000, 0.7120031, 0.783282, 0

1000, 0.7194541, 0.775831, 0

1000, 0.7194541, 0.775831, 0

1000, 0.6444907, 0.7683802, 0

1000, 0.5207437, 0.7609293, 0

1000, 0.5281949, 0.7534783, 0

1000, 0.5356456, 0.7460274, 0

1000, 0.5430965, 0.7385765, 0

1000, 0.5430965, 0.7385765, 0

1000, 0.5505471, 0.7311255, 0

1000, 0.5579984, 0.7236747, 0

1000, 0.5654492, 0.7162237, 0

1000, 0.5729002, 0.7087728, 0

1000, 0.5803511, 0.7013218, 0

1000, 0.5803511, 0.7013218, 0

1000, 0.587802, 0.6938709, 0

1000, 0.595253, 0.6864199, 0

1000, 0.6027036, 0.678969, 0

1000, 0.6101549, 0.671518, 0

1000, 0.6176057, 0.6640671, 0

1000, 0.6176057, 0.6640671, 0

1000, 0.625057, 0.6566163, 0

1000, 0.6325076, 0.6491653, 0

1000, 0.6399585, 0.6417145, 0

1000, 0.6474095, 0.6342635, 0

1000, 0.6548604, 0.6268126, 0

1000, 0.6548604, 0.6268126, 0

1000, 0.6623113, 0.6193616, 0

1000, 0.6697623, 0.6119108, 0

1000, 0.6772135, 0.6044598, 0

1000, 0.684664, 0.5970088, 0

1000, 0.6921151, 0.5895579, 0

1000, 0.6921151, 0.5895579, 0

1000, 0.699566, 0.582107, 0

1000, 0.7070169, 0.5746561, 0

1000, 0.7144678, 0.5672051, 0

1000, 0.7219187, 0.5597543, 0

1000, 0.7219187, 0.5597543, 0

1000, 0.7293696, 0.5523033, 0

1000, 0.7368206, 0.5448523, 0

1000, 0.7442715, 0.5374014, 0

1000, 0.7517224, 0.5299505, 0

1000, 0.7591733, 0.5224995, 0

1000, 0.7591733, 0.5224995, 0

1000, 0.7666243, 0.5150486, 0

1000, 0.7740754, 0.5075977, 0

1000, 0.7815261, 0.5001467, 0

1000, 0.7889771, 0.4926958, 0

1000, 0.796428, 0.4852449, 0

1000, 0.796428, 0.4852449, 0

1000, 0.803879, 0.477794, 0

1000, 0.8113299, 0.470343, 0

1000, 0.8187808, 0.4628922, 0

1000, 0.826232, 0.4554412, 0

1000, 0.8336824, 0.4479903, 0

1000, 0.8336824, 0.4479903, 0

1000, 0.8411336, 0.4405394, 0

1000, 0.8485845, 0.4330885, 0

1000, 0.8560354, 0.4256375, 0

1000, 0.8634863, 0.4181865, 0

1000, 0.8709372, 0.4107356, 0

1000, 0.8709372, 0.4107356, 0

1000, 0.8783882, 0.4032847, 0

1000, 0.8858392, 0.3958338, 0

1000, 0.89329, 0.3883829, 122.7184

1000, 0.900741, 0.3809319, 123.4622

1000, 0.900741, 0.3809319, 123.4622

1000, 0.9018307, 0.3708652, 124.0219

1000, 0.9028301, 0.3632841, 124.4541

1000, 0.9037665, 0.3581464, 124.761

1000, 0.9046598, 0.3554262, 124.9439

1000, 0.9055238, 0.5652219, 0

1000, 0.9055238, 0.5652219, 0

1000, 0.9063674, 0.5678226, 0

1000, 0.9033449, 0.5708448, 0

1000, 0.900323, 0.573867, 0

1000, 0.8973008, 0.5768892, 0

1000, 0.8942784, 0.5799114, 0

1000, 0.8942784, 0.5799114, 0

1000, 0.8912564, 0.5829336, 0

1000, 0.8882342, 0.5859559, 0

1000, 0.885212, 0.588978, 0

1000, 0.8821896, 0.5920002, 0

1000, 0.8791676, 0.5950224, 0

1000, 0.8791676, 0.5950224, 0

1000, 0.8761454, 0.5980446, 0

1000, 0.8731232, 0.6010668, 0

1000, 0.870101, 0.604089, 0

1000, 0.8670788, 0.6071113, 0

1000, 0.8640566, 0.6101334, 0

1000, 0.8640566, 0.6101334, 0

1000, 0.8610343, 0.6131556, 0

1000, 0.8580121, 0.6161779, 0

1000, 0.85499, 0.6192001, 0

1000, 0.8519678, 0.6222222, 0

1000, 0.8489456, 0.6252444, 0

1000, 0.8489456, 0.6252444, 0

1000, 0.8459234, 0.6282666, 0

1000, 0.8429014, 0.6312888, 0

1000, 0.839879, 0.634311, 0

1000, 0.8368568, 0.6373332, 0

1000, 0.8368568, 0.6373332, 0

1000, 0.8338348, 0.6403554, 0

1000, 0.8308124, 0.6433776, 0

1000, 0.8277902, 0.6463998, 0

1000, 0.8247682, 0.649422, 0

1000, 0.8217458, 0.6524442, 0

1000, 0.8217458, 0.6524442, 0

1000, 0.8187236, 0.6554664, 0

1000, 0.8157014, 0.6584886, 0

1000, 0.8126792, 0.6615108, 0

1000, 0.809657, 0.664533, 0

1000, 0.8066347, 0.6675552, 0

1000, 0.8066347, 0.6675552, 0

1000, 0.8036125, 0.6705774, 0

1000, 0.8005904, 0.6735996, 0

1000, 0.7975682, 0.6766219, 0

1000, 0.7945459, 0.679644, 0

1000, 0.7915236, 0.6826662, 0

1000, 0.7915236, 0.6826662, 0

1000, 0.7885016, 0.6856884, 0

1000, 0.7854794, 0.6887106, 0

1000, 0.7824569, 0.6917328, 0

1000, 0.779435, 0.694755, 0

1000, 0.7764127, 0.6977772, 0

1000, 0.7764127, 0.6977772, 0

1000, 0.7733904, 0.7007994, 0

1000, 0.7703683, 0.7038216, 0

1000, 0.7673462, 0.7068438, 0

1000, 0.5537254, 0.709866, 0

1000, 0.5507034, 0.7128882, 0

1000, 0.5507034, 0.7128882, 0

1000, 0.547681, 0.7159104, 0

1000, 0.5446588, 0.7189326, 0

1000, 0.5416366, 0.7219548, 0

1000, 0.5386144, 0.724977, 0

1000, 0.5386144, 0.724977, 0

1000, 0.5355922, 0.7279992, 0

1000, 0.53257, 0.7310214, 0

1000, 0.5295478, 0.7340437, 0

1000, 0.5265256, 0.7370658, 0

1000, 0.5235034, 0.740088, 0

1000, 0.5235034, 0.740088, 0

1000, 0.5204812, 0.7431102, 0

1000, 0.5174587, 0.7461324, 0

1000, 0.5144365, 0.7491546, 0

1000, 0.5114143, 0.7521768, 0

1000, 0.5083922, 0.755199, 0

1000, 0.5083922, 0.755199, 0

1000, 0.5053702, 0.7582212, 0

1000, 0.5023478, 0.7612434, 0

1000, 0.4993258, 0.7642657, 0

1000, 0.4963036, 0.7672879, 0

1000, 0.4932814, 0.77031, 0

1000, 0.4932814, 0.77031, 0

1000, 0.4902592, 0.7733322, 0

1000, 0.487237, 0.7763544, 0

1000, 0.4842148, 0.7793766, 0

1000, 0.4811926, 0.7823988, 0

1000, 0.4781704, 0.785421, 0

1000, 0.4781704, 0.785421, 0

1000, 0.4751482, 0.7884432, 0

1000, 0.472126, 0.7914655, 0

1000, 0.4691038, 0.7944877, 0

1000, 0.4660816, 0.7975098, 0

1000, 0.4630594, 0.800532, 0

1000, 0.4630594, 0.800532, 0

1000, 0.4600374, 0.8035542, 0

1000, 0.457015, 0.8065764, 0

1000, 0.4539928, 0.8095986, 0

1000, 0.613214, 0.860976, 0

1000, 0.613214, 0.860976, 0

1000, 0.6101918, 0.8639982, 0

1000, 0.6071696, 0.8670204, 0

1000, 0.6041476, 0.8700426, 0

1000, 0.6011254, 0.8730648, 0

1000, 0.6011254, 0.8730648, 0

1000, 0.5981032, 0.876087, 0

1000, 0.5950808, 0.8791093, 0

1000, 0.5920588, 0.8821315, 0

1000, 0.5890363, 0.8851537, 0

1000, 0.5860142, 0.8881758, 0

1000, 0.5860142, 0.8881758, 0

1000, 0.582992, 0.891198, 0

1000, 0.5799698, 0.8942202, 0

1000, 0.5769476, 0.8972424, 0

1000, 0.5739254, 0.9002646, 0

1000, 0.5709032, 0.9032868, 0

1000, 0.5709032, 0.9032868, 0

1000, 0.567881, 0.906309, 0

1000, 0.5648587, 0.9093313, 0

1000, 0.5618365, 0.9123535, 0

1000, 0.5588143, 0.9153756, 0

1000, 0.5557922, 0.9183978, 0

1000, 0.5557922, 0.9183978, 0

1000, 0.55277, 0.92142, 0

1000, 0.5497478, 0.9244422, 0

1000, 0.5467256, 0.9274644, 0

1000, 0.5437031, 0.9304866, 0

1000, 0.5406809, 0.9335089, 0

1000, 0.5406809, 0.9335089, 0

1000, 0.537659, 0.9365311, 0

1000, 0.5346367, 0.9395533, 0

1000, 0.5316145, 0.9425754, 0

1000, 0.5285924, 0.9455976, 0

1000, 0.5285924, 0.9455976, 0

1000, 0.5255702, 0.9486198, 0

1000, 0.522548, 0.951642, 0

1000, 0.5195258, 0.9546643, 0

1000, 0.5165036, 0.9576864, 0

1000, 0.5134814, 0.9607086, 0

1000, 0.5134814, 0.9607086, 0

1000, 0.5104592, 0.9637309, 0

1000, 0.507437, 0.9667531, 0

1000, 0.5044148, 0.9697752, 0

1000, 0.5013925, 0.9727975, 0

1000, 0.4983703, 0.9758196, 0

1000, 0.4983703, 0.9758196, 0

1000, 0.4953482, 0.9788418, 0

1000, 0.492326, 0.981864, 0

1000, 0.489304, 0.9848862, 0

1000, 0.4862816, 0.9879084, -122.5553

1000, 0.4832594, 0.9909307, -122.856

1000, 0.4832594, 0.9909307, -122.856

1000, 0.479128, 0.9916573, -123.0983

1000, 0.4775902, 0.9924861, -123.2164

1000, 0.4786468, 0.9934279, -123.2107

1000, 0.4823188, 0.9944901, -123.0804

1000, 0.4886467, 0.9956756, -122.824

1000, 0.4886467, 0.9956756, -122.824

1000, 0.4976904, 0.9969825, 0

1000, 0.509531, 0.9984038, 0

1000, 0.5186768, 0.9892581, 0

1000, 0.7432417, 0.9801123, 0

1000, 0.7523875, 0.9709666, 0

1000, 0.7523875, 0.9709666, 0

1000, 0.7615332, 0.7464016, 0

1000, 0.770679, 0.7372559, 0

1000, 0.7798247, 0.7281101, 0

1000, 0.7889705, 0.7189644, 0

1000, 0.7889705, 0.7189644, 0

1000, 0.7981161, 0.7098187, 0

1000, 0.8072619, 0.7006729, 0

1000, 0.8164077, 0.6915272, 0

1000, 0.8255534, 0.6823815, 0

1000, 0.8346991, 0.6732357, 0

1000, 0.8346991, 0.6732357, 0

1.96232, 0.8438449, 0.66409, 0

1.922321, 0.8529907, 0.6549442, 0

1.88232, 0.8621364, 0.6457985, 0

1.842321, 0.871282, 0.6366528, 0

1.80232, 0.8804278, 0.627507, 0

1.80232, 0.8804278, 0.627507, 0

1.76232, 0.8895736, 0.6183613, 0

1.722319, 0.8987193, 0.6092156, 0

1.68232, 0.907865, 0.6000698, 0

1.642319, 0.9170108, 0.5909241, 0

1.60232, 0.9261566, 0.5817783, 0

1.60232, 0.9261566, 0.5817783, 0

1.562319, 0.9353023, 0.5726326, 0

1.52232, 0.9444481, 0.5634868, 0

1.482319, 0.9535938, 0.5543411, 0

1.44232, 0.9627395, 0.5451953, 0

1.42706, 0.9662285, 0.5417063, 0

1.42706, 0.9662285, 0.5417063, 0

0.7867453, 1000, 1000, 0

1000, 0.7308551, 0.7391516, 0

1000, 0.7309776, 0.7390295, 0

1000, 0.7310992, 0.7389075, 0

1000, 0.7312213, 0.738785, 0

1000, 0.7312213, 0.738785, 0

1000, 0.7313434, 0.7386633, 0

1000, 0.7314659, 0.7385412, 0

1000, 0.7315875, 0.7384191, 0

1000, 0.7317096, 0.7382966, 0

1000, 0.7317096, 0.7382966, 0

1000, 0.7318321, 0.738175, 0

1000, 0.7319542, 0.7380524, 0

1000, 0.7320758, 0.7379308, 0

1000, 0.7321978, 0.7378088, 0

1000, 0.7323199, 0.7376862, 0

1000, 0.7323199, 0.7376862, 0

1000, 0.7324424, 0.7375647, 0

1000, 0.7325645, 0.7374426, 0

1000, 0.7326866, 0.7373205, 0

1000, 0.7328086, 0.7371985, 0

1000, 0.7329307, 0.7370759, 0

1000, 0.7329307, 0.7370759, 0

1000, 0.7330528, 0.7369539, 0

1000, 0.7331749, 0.7368323, 0

1000, 0.7332965, 0.7367102, 0

1000, 0.7334185, 0.7365881, 0

1000, 0.7335406, 0.7364661, 0

1000, 0.7335406, 0.7364661, 0

1000, 0.7336632, 0.736344, 0

1000, 0.7337852, 0.7362219, 0

1000, 0.7339068, 0.7360993, 0

1000, 0.7340289, 0.7359777, 0

1000, 0.7341514, 0.7358557, 0

1000, 0.7341514, 0.7358557, 0

1000, 0.734273, 0.7357336, 0

1000, 0.7343956, 0.7356116, 0

1000, 0.7345177, 0.735489, 0

1000, 0.7346393, 0.7353674, 0

1000, 0.7346393, 0.7353674, 0

1000, 0.7347618, 0.7352453, 0

1000, 0.7348834, 0.7351228, 0

1000, 0.735006, 0.7350012, 0

1000, 0.735128, 0.7348791, 0

1000, 0.7352496, 0.7347571, 0

1000, 0.7352496, 0.7347571, 0

1000, 0.7353722, 0.734635, 0

1000, 0.7354938, 0.7345129, 0

1000, 0.7356158, 0.7343909, 0

1000, 0.7357384, 0.7342687, 0

1.991807, 0.7358605, 0.7341467, 0

1.991807, 0.7358605, 0.7341467, 0

1.951807, 0.735982, 0.7340246, 0

1.911807, 0.7361041, 0.7339025, 0

1.871807, 0.9462272, 0.7337804, 0

1.831807, 0.9463493, 0.7336584, 0

1.791807, 0.9464713, 0.7335363, 0

1.791807, 0.9464713, 0.7335363, 0

1.751807, 0.9465939, 0.7334142, 0

1.711807, 0.9467155, 0.7332917, 0

1.671807, 0.9468375, 0.5231691, 0

1.631807, 0.9469596, 0.523047, 0

1.591807, 0.9470817, 0.522925, 0

1.591807, 0.9470817, 0.522925, 0

1.551807, 0.9472038, 0.5228029, 0

1.511807, 0.9473258, 0.5226808, 0

1.471807, 1.157449, 0.5225587, 129.3596

1.610028, 1.261549, 0.4125113, 141.0939

1.610028, 1.261549, 0.4125113, 141.0939

1.636238, 1.278284, 0.4663738, 138.9857

1.982811, 1.302924, 0.5303038, 136.7891

1000, 1.330326, 0.6042223, 134.2334

1000, 1.360872, 0.5947588, 136.4287

1000, 1.394849, 0.5443718, 141.1762

1000, 1.394849, 0.5443718, 141.1762

1000, 1.436582, 0.5176383, 145.1503

1000, 1.473133, 0.6298413, 140.7655

1000, 1.446665, 0.6703888, 136.9921

0.8602541, 1.726859, 1.569869, 0

0.8602541, 1.726859, 1.569869, 0

1000, 0.7342011, 0.7358061, 0

1000, 0.7343231, 0.7356836, 0

1000, 0.7344447, 0.735562, 0

1000, 0.7345673, 0.7354399, 0

1000, 0.7346889, 0.7353178, 0

1000, 0.7346889, 0.7353178, 0

1000, 0.7348114, 0.7351958, 0

1000, 0.734933, 0.7350737, 0

1000, 0.7350556, 0.7349516, 0

1000, 0.7351776, 0.7348295, 0

1000, 0.7352992, 0.7347075, 0

1000, 0.7352992, 0.7347075, 0

1000, 0.7354218, 0.7345854, 0

1000, 0.7355438, 0.7344633, 0

1000, 0.7356654, 0.7343413, 0

1000, 0.735788, 0.7342187, 0

1000, 0.7359101, 0.7340971, 0

1000, 0.7359101, 0.7340971, 0

1000, 0.7360321, 0.733975, 0

1000, 0.7361537, 0.7338529, 0

1000, 0.7362758, 0.7337309, 0

1000, 0.7363979, 0.7336088, 0

1000, 0.7365199, 0.7334867, 0

1000, 0.7365199, 0.7334867, 0

1000, 0.7366425, 0.7333646, 0

1000, 0.7367646, 0.7332426, 0

1000, 0.7368861, 0.7331205, 0

1000, 0.7370082, 0.7329984, 0

1000, 0.7371302, 0.7328764, 0

1000, 0.7371302, 0.7328764, 0

1000, 0.7372524, 0.7327543, 0

1000, 0.7373749, 0.7326323, 0

1000, 0.737497, 0.7325101, 0

1000, 0.737619, 0.7323881, 0

1000, 0.737619, 0.7323881, 0

1000, 0.7377406, 0.732266, 0

1000, 0.7378627, 0.7321439, 0

1000, 0.7379852, 0.7320219, 0

1000, 0.7381068, 0.7318993, 0

1000, 0.7382289, 0.7317777, 0

1000, 0.7382289, 0.7317777, 0

1000, 0.7383515, 0.7316557, 0

1000, 0.7384731, 0.7315336, 0

1000, 0.7385955, 0.731411, 0

1000, 0.7387171, 0.7312895, 0

1000, 0.7388397, 0.7311674, 0

1000, 0.7388397, 0.7311674, 0

1000, 0.7389613, 0.7310454, 0

1000, 0.7390839, 0.7309233, 0

1.98218, 0.739206, 0.7308012, 0

1.94218, 0.7393275, 0.7306791, 0

1.90218, 0.7394501, 0.730557, 0

1.90218, 0.7394501, 0.730557, 0

1.86218, 0.9495727, 0.730435, 0

1.82218, 0.9496948, 0.7303129, 0

1.78218, 0.9498168, 0.7301909, 0

1.74218, 0.9499389, 0.7300687, 0

1.70218, 0.950061, 0.7299467, 0

1.70218, 0.950061, 0.7299467, 0

1.66218, 0.950183, 0.5198236, 0

1.62218, 0.9503046, 0.5197015, 0

1.58218, 0.9504272, 0.5195795, 0

1.54218, 0.9505493, 0.5194574, 0

1.54218, 0.9505493, 0.5194574, 0

1.50218, 0.9506714, 0.5193353, 0

1.46218, 1.160794, 0.5192132, 129.711

1.42218, 1.160916, 0.5190912, 129.7238

1.383404, 1.162067, 0.5194286, 129.7666

1.558158, 1.16379, 0.5226488, 129.6879

1.558158, 1.16379, 0.5226488, 129.6879

1.525769, 1.166102, 0.5287917, 129.4866

1.496326, 1.169012, 0.5379254, 129.1602

1.469752, 1.115085, 0.550142, 125.7423

1.445986, 1.07845, 0.5655644, 123.1161

1.424508, 1.056491, 0.5841475, 0

1.424508, 1.056491, 0.5841475, 0

1.629205, 1.042714, 0.6059913, 0

1.589205, 1.150661, 0.6208133, 123.9657

1.549205, 1.155995, 0.6356352, 123.4897

1.535224, 1.160847, 0.6616709, 0

1.524232, 1.16622, 0.6916564, 0

1.524232, 1.16622, 0.6916564, 0

1.484232, 1.147333, 0.6841632, 0

1.444232, 1.128445, 0.5994532, 123.9227

1.404232, 1.109557, 0.5160848, 127.2053

1.393969, 1.114443, 0.5466337, 125.8886

1.387714, 1.120646, 0.5818293, 124.4174

1.387714, 1.120646, 0.5818293, 124.4174

1.384545, 1.127265, 0.6217368, 122.7493

1.384563, 1.134262, 0.6667966, 0

1.387877, 1.141572, 0.7175052, 0

1.347877, 1.110604, 0.7118534, 0

1.307877, 1.079635, 0.6601889, 0

1.307877, 1.079635, 0.6601889, 0

1.267877, 1.106645, 0.6085237, 0

1.227877, 1.15831, 0.5757977, 126.6413

1.187877, 1.209975, 0.6067671, 127.7085

1.46496, 1.194682, 0.6609719, 124.16

1.482353, 1.18101, 0.672423, 122.9016

1.482353, 1.18101, 0.672423, 122.9016

1.504111, 1.170599, 0.601738, 125.9422

1.531864, 1.161987, 0.5590267, 127.6956

1.56927, 1.153439, 0.6343793, 123.4246

1.617548, 1.145445, 0.6992408, 0

1.617548, 1.145445, 0.6992408, 0

1.674112, 1.13965, 0.648367, 0

1.634113, 1.167348, 0.6206692, 124.8146

1.594113, 1.195046, 0.5929715, 127.6498

1.659995, 1.188073, 0.5492459, 129.5663

1.744999, 1.181327, 0.510253, 131.2714

1.744999, 1.181327, 0.510253, 131.2714

1.853958, 1.175082, 0.4757291, 132.7853

1.994669, 1.169402, 0.6063049, 125.6483

1000, 1.164334, 0.6449579, 123.4405

1000, 1.161107, 0.6187246, 124.5973

1000, 1.15873, 0.5963072, 125.6139

1000, 1.15873, 0.5963072, 125.6139

1000, 1.156726, 0.5771875, 126.4887

1000, 1.155132, 0.5612354, 127.2272

1000, 1.153977, 0.548343, 127.8341

1000, 1.153288, 0.5384253, 128.3134

1000, 1.153087, 0.5314202, 128.6679

1000, 1.153087, 0.5314202, 128.6679

1000, 1.153392, 0.5272871, 128.8996

1000, 1.364248, 0.7360369, 129.0097

1000, 1.365979, 0.7379856, 128.9983

1000, 1.368689, 0.7432513, 128.8647

1000, 1.372396, 0.7518942, 128.6071

1000, 1.372396, 0.7518942, 128.6071

1000, 1.377121, 0.7640018, 128.2227

1000, 1.382886, 0.7796919, 127.7078

1.749424, 1.389715, 0.7991128, 127.0574

1.485839, 1.397632, 0.8224465, 126.2656

1.485839, 1.397632, 0.8224465, 126.2656

1.281587, 1.406662, 0.8499105, 125.3254

1.11759, 1.876549, 0.8817613, 149.6833

0.8912726, 1.389975, 1.528975, 0

0.8912726, 1.389975, 1.528975, 0

1000, 0.7354466, 0.7345601, 0

1000, 0.7355686, 0.7344381, 0

1000, 0.7356902, 0.7343159, 0

1000, 0.7358128, 0.7341939, 0

1000, 0.7359349, 0.7340718, 0

1000, 0.7359349, 0.7340718, 0

1000, 0.7360569, 0.7339497, 0

1000, 0.7361795, 0.7338277, 0

1000, 0.7363006, 0.7337056, 0

1000, 0.7364226, 0.7335835, 0

1000, 0.7365452, 0.7334614, 0

1000, 0.7365452, 0.7334614, 0

1000, 0.7366673, 0.7333394, 0

1000, 0.7367893, 0.7332173, 0

1000, 0.7369114, 0.7330952, 0

1000, 0.7370329, 0.7329732, 0

1000, 0.7371551, 0.7328511, 0

1000, 0.7371551, 0.7328511, 0

1000, 0.7372776, 0.732729, 0

1000, 0.7373997, 0.7326069, 0

1000, 0.7375218, 0.7324849, 0

1000, 0.7376438, 0.7323628, 0

1000, 0.7376438, 0.7323628, 0

1000, 0.7377654, 0.7322407, 0

1000, 0.737888, 0.7321187, 0

1000, 0.73801, 0.7319966, 0

1000, 0.7381316, 0.7318745, 0

1000, 0.7382542, 0.7317525, 0

1000, 0.7382542, 0.7317525, 0

1000, 0.7383762, 0.7316304, 0

1000, 0.7384983, 0.7315083, 0

1000, 0.7386204, 0.7313862, 0

1000, 0.7387429, 0.7312642, 0

1000, 0.7388645, 0.7311421, 0

1000, 0.7388645, 0.7311421, 0

1000, 0.7389866, 0.73102, 0

1000, 0.7391087, 0.730898, 0

1000, 0.7392308, 0.7307759, 0

1000, 0.7393533, 0.7306538, 0

1000, 0.7394749, 0.7305318, 0

1000, 0.7394749, 0.7305318, 0

1000, 0.739597, 0.7304097, 0

1000, 0.739719, 0.7302877, 0

1000, 0.7398416, 0.7301656, 0

1000, 0.7399632, 0.7300435, 0

1000, 0.7400852, 0.7299214, 0

1000, 0.7400852, 0.7299214, 0

1000, 0.7402073, 0.7297993, 0

1000, 0.7403294, 0.7296773, 0

1000, 0.7404515, 0.7295552, 0

1.98016, 0.7405735, 0.7294331, 0

1.94016, 0.7406956, 0.7293106, 0

1.94016, 0.7406956, 0.7293106, 0

1.90016, 0.7408177, 0.7291885, 0

1.86016, 0.9509408, 0.7290669, 0

1.82016, 0.9510629, 0.7289448, 0

1.78016, 0.9511849, 0.7288228, 0

1.78016, 0.9511849, 0.7288228, 0

1.74016, 0.951307, 0.7287007, 0

1.70016, 0.9514286, 0.7285786, 0

1.66016, 0.9515511, 0.5184556, 0

1.62016, 0.9516732, 0.5183334, 0

1.58016, 0.9517952, 0.5182114, 0

1.58016, 0.9517952, 0.5182114, 0

1.54016, 0.9519174, 0.5180894, 0

1.50016, 0.9520394, 0.5179672, 0

1.46016, 1.162163, 0.5178452, 129.855

1.42016, 1.162285, 0.5177231, 129.8679

1.381385, 1.163438, 0.5180604, 129.9108

1.381385, 1.163438, 0.5180604, 129.9108

1.556145, 1.165171, 0.521282, 129.8325

1.523762, 1.167499, 0.5274284, 129.6316

1.49433, 1.170431, 0.5365674, 129.3057

1.467768, 1.122958, 0.5487916, 126.2135

1.444016, 1.084862, 0.5642238, 123.5037

1.444016, 1.084862, 0.5642238, 123.5037

1.422608, 1.061511, 0.5828419, 0

1.627429, 1.046788, 0.6047309, 0

1.587429, 1.154535, 0.6195806, 124.2226

1.547429, 1.1576, 0.6344301, 123.6305

1.533521, 1.16253, 0.6605181, 122.5744

1.533521, 1.16253, 0.6605181, 122.5744

1.522586, 1.167972, 0.6905549, 0

1.514588, 1.173851, 0.622829, 125.0346

1.474588, 1.15279, 0.5468592, 127.8495

1.469715, 1.15944, 0.5425522, 128.4188

1.469392, 1.167626, 0.581599, 126.8219

1.469392, 1.167626, 0.581599, 126.8219

1.473411, 1.176991, 0.6261025, 125.0278

1.481379, 1.173823, 0.6764178, 0

1.769343, 1.1613, 0.7331707, 0

1.729344, 1.163594, 0.7350853, 0

1.729344, 1.163594, 0.7350853, 0

1.689343, 1.129528, 0.6881158, 0

1.649343, 1.095464, 0.6411462, 0

1.609343, 1.061398, 0.5941771, 0

1.569344, 1.072254, 0.6276627, 0

1.529343, 1.119224, 0.6617275, 0

1.529343, 1.119224, 0.6617275, 0

1.489343, 1.166193, 0.6957926, 0

1.449344, 1.200971, 0.7298574, 0

1.409344, 1.166906, 0.683223, 0

1.369344, 1.132841, 0.6362537, 0

1.329344, 1.098777, 0.5892842, 122.9468

1.329344, 1.098777, 0.5892842, 122.9468

1.289344, 1.077147, 0.5902844, 0

1.297911, 1.07119, 0.648621, 0

1.257911, 1.114273, 0.6857587, 0

1.217911, 1.157356, 0.6944997, 0

1.177911, 1.200439, 0.6514161, 124.9333

1.177911, 1.200439, 0.6514161, 124.9333

1.137911, 1.208718, 0.6083328, 127.5624

1.145309, 1.222159, 0.5404121, 131.8408

1.15865, 1.217324, 0.4803175, 134.8281

1.179956, 1.204721, 0.4269342, 137.076

1.210439, 1.192824, 0.4687189, 134.1246

1.210439, 1.192824, 0.4687189, 134.1246

1.251975, 1.181872, 0.558664, 128.7483

1.303723, 1.173134, 0.547869, 128.8557

1.365785, 1.166781, 0.5100921, 130.508

1.445546, 1.161276, 0.4768616, 131.9834

1.550599, 1.156275, 0.447639, 133.286

1.550599, 1.156275, 0.447639, 133.286

1.690602, 1.151824, 0.4221506, 134.4278

1.880995, 1.147959, 0.400159, 135.4195

1000, 1.144711, 0.3814611, 136.2704

1000, 1.142101, 0.3658858, 136.9887

1000, 1.142101, 0.3658858, 136.9887

1000, 1.140149, 0.3532926, 137.581

1000, 1.240095, 0.3843216, 141.4797

1000, 1.348979, 0.547341, 138.4081

1000, 1.348451, 0.5425374, 138.6482

1000, 1.349211, 0.5410298, 138.7758

1000, 1.349211, 0.5410298, 138.7758

1000, 1.351193, 0.5427197, 138.7922

1000, 1.354421, 0.5476413, 138.697

1000, 1.358926, 0.5558618, 138.4881

1000, 1.364744, 0.567483, 138.1626

1000, 1.368091, 0.586471, 137.2892

1000, 1.368091, 0.586471, 137.2892

1000, 0.7316157, 0.738391, 0

1000, 0.7317373, 0.7382689, 0

1000, 0.7318597, 0.7381469, 0

1000, 0.7319818, 0.7380248, 0

1000, 0.7319818, 0.7380248, 0

1000, 0.7321039, 0.7379028, 0

1000, 0.7322264, 0.7377806, 0

1000, 0.7323475, 0.7376586, 0

1000, 0.7324702, 0.7375365, 0

1000, 0.7325922, 0.7374145, 0

1000, 0.7325922, 0.7374145, 0

1000, 0.7327142, 0.7372924, 0

1000, 0.7328363, 0.7371703, 0

1000, 0.7329584, 0.7370483, 0

1000, 0.7330804, 0.7369262, 0

1000, 0.7332025, 0.7368041, 0

1000, 0.7332025, 0.7368041, 0

1000, 0.7333241, 0.7366821, 0

1000, 0.7334471, 0.73656, 0

1000, 0.7335687, 0.7364379, 0

1000, 0.7336908, 0.7363158, 0

1000, 0.7336908, 0.7363158, 0

1000, 0.7338129, 0.7361938, 0

1000, 0.7339355, 0.7360717, 0

1000, 0.734057, 0.7359496, 0

1000, 0.7341791, 0.7358275, 0

1000, 0.7343016, 0.7357055, 0

1000, 0.7343016, 0.7357055, 0

1000, 0.7344233, 0.7355834, 0

1000, 0.7345454, 0.7354614, 0

1000, 0.7346674, 0.7353393, 0

1000, 0.7347895, 0.7352172, 0

1000, 0.7349116, 0.7350951, 0

1000, 0.7349116, 0.7350951, 0

1000, 0.7350336, 0.7349731, 0

1000, 0.7351557, 0.734851, 0

1000, 0.7352782, 0.7347289, 0

1000, 0.7353998, 0.7346069, 0

1000, 0.7355219, 0.7344848, 0

1000, 0.7355219, 0.7344848, 0

1000, 0.7356445, 0.7343627, 0

1000, 0.7357661, 0.7342406, 0

1000, 0.7358881, 0.7341185, 0

1000, 0.7360102, 0.7339965, 0

1000, 0.7361323, 0.7338744, 0

1000, 0.7361323, 0.7338744, 0

1000, 0.7362548, 0.7337523, 0

1000, 0.7363769, 0.7336302, 0

1000, 0.736498, 0.7335082, 0

1000, 0.7366201, 0.7333861, 0

1000, 0.7366201, 0.7333861, 0

1.971256, 0.7367421, 0.733264, 0

1.931256, 0.7368641, 0.733142, 0

1.891256, 0.9469877, 0.7330199, 0

1.851256, 0.9471098, 0.7328978, 0

1.811256, 0.9472319, 0.7327757, 0

1.811256, 0.9472319, 0.7327757, 0

1.771256, 0.947354, 0.7326537, 0

1.731256, 0.9474756, 0.7325316, 0

1.691256, 0.9475981, 0.7324095, 0

1.651256, 0.9477202, 0.5222864, 0

1.611256, 0.9478422, 0.5221644, 0

1.611256, 0.9478422, 0.5221644, 0

1.571256, 0.9479644, 0.5220423, 0

1.531256, 0.9480864, 0.5219203, 0

1.491256, 0.9482085, 0.5217982, 0

1.451256, 1.158332, 0.5216761, 129.4522

1.411256, 1.158454, 0.5215541, 129.465

1.411256, 1.158454, 0.5215541, 129.465

1.372465, 1.159597, 0.5218917, 129.5073

1.547168, 1.161303, 0.525109, 129.428

1.514693, 1.163586, 0.5312462, 129.2259

1.485129, 1.166455, 0.5403704, 128.8986

1.458397, 1.166818, 0.5525742, 128.2812

1.458397, 1.166818, 0.5525742, 128.2812

1.434434, 1.121944, 0.5679784, 125.1839

1.413171, 1.090978, 0.5867217, 122.686

1.618183, 1.071111, 0.6087923, 0

1.605174, 1.05796, 0.6343297, 0

1.605174, 1.05796, 0.6343297, 0

1.565174, 1.152911, 0.6511804, 122.5604

1.525174, 1.15496, 0.6680309, 0

1.513804, 1.160049, 0.6980849, 0

1.473804, 1.141147, 0.6612394, 0

1.433804, 1.122245, 0.5765932, 124.7626

1.433804, 1.122245, 0.5765932, 124.7626

1.393805, 1.103343, 0.5225235, 126.5544

1.38355, 1.108268, 0.5533207, 125.2337

1.376898, 1.114177, 0.5886551, 123.7484

1.373262, 1.120458, 0.6286906, 0

1.372728, 1.127067, 0.6738589, 0

1.372728, 1.127067, 0.6738589, 0

1.332729, 1.098757, 0.7021691, 0

1.292729, 1.081549, 0.730479, 0

1.252729, 1.138065, 0.6794757, 0

1.212729, 1.194582, 0.6229591, 126.0834

1.172729, 1.242792, 0.5664424, 131.5526

1.172729, 1.242792, 0.5664424, 131.5526

1.170265, 1.232278, 0.605877, 128.9151

1.449154, 1.213393, 0.661134, 125.0973

1.46681, 1.198346, 0.6487339, 124.9632

1.488798, 1.186871, 0.5793282, 127.9331

1.517538, 1.176918, 0.560479, 128.3954

1.517538, 1.176918, 0.560479, 128.3954

1.55619, 1.167228, 0.6371179, 123.9789

1.605154, 1.158636, 0.6788634, 0

1.662513, 1.152359, 0.6290602, 123.6369

1.622513, 1.17974, 0.601679, 126.4129

1.690528, 1.173586, 0.5583439, 128.3331

1.690528, 1.173586, 0.5583439, 128.3331

1.778026, 1.167585, 0.5196624, 130.045

1.889994, 1.161997, 0.4853786, 131.5669

1000, 1.15689, 0.5313507, 128.8701

1000, 1.152319, 0.6546376, 0

1000, 1.152319, 0.6546376, 0

1000, 1.14888, 0.6282526, 123.5031

1000, 1.162677, 0.6144553, 124.8927

1000, 1.160319, 0.5924097, 125.8936

1000, 1.158314, 0.5736293, 126.7529

1000, 1.156731, 0.5580064, 127.4765

1000, 1.156731, 0.5580064, 127.4765

1000, 1.155599, 0.5454368, 128.0691

1000, 1.154942, 0.5358366, 128.5343

1000, 1.154783, 0.5291454, 128.8752

1000, 1.155138, 0.5253258, 129.0935

1000, 1.366073, 0.7344102, 129.1904

1000, 1.366073, 0.7344102, 129.1904

1000, 1.367922, 0.7367257, 129.166

1000, 1.370759, 0.7423669, 129.0192

1000, 1.374605, 0.7513971, 128.7483

1000, 1.37948, 0.7639075, 128.3503

1000, 1.385408, 0.7800195, 127.8214

1000, 1.385408, 0.7800195, 127.8214

1.719888, 1.392413, 0.7998863, 127.1565

1.463735, 1.400519, 0.8236939, 126.3496

1.264382, 1.409754, 0.8516661, 125.3933

1.103775, 1.880984, 0.8840647, 149.8127

0.8939425, 1.377937, 1.515733, 0

1000, 0.7355496, 0.7344571, 0

1000, 0.7356716, 0.734335, 0

1000, 0.7357937, 0.7342129, 0

1000, 0.7357937, 0.7342129, 0

1000, 0.7359162, 0.7340909, 0

1000, 0.7360379, 0.7339689, 0

1000, 0.7361599, 0.7338467, 0

1000, 0.736282, 0.7337247, 0

1000, 0.736282, 0.7337247, 0

1000, 0.7364041, 0.7336026, 0

1000, 0.7365261, 0.7334805, 0

1000, 0.7366481, 0.7333584, 0

1000, 0.7367703, 0.7332364, 0

1000, 0.7368923, 0.7331144, 0

1000, 0.7368923, 0.7331144, 0

1000, 0.7370144, 0.7329922, 0

1000, 0.7371365, 0.7328702, 0

1000, 0.7372586, 0.7327481, 0

1000, 0.7373806, 0.732626, 0

1000, 0.7375022, 0.732504, 0

1000, 0.7375022, 0.732504, 0

1000, 0.7376248, 0.7323819, 0

1000, 0.7377468, 0.7322598, 0

1000, 0.7378688, 0.7321377, 0

1000, 0.7379915, 0.7320157, 0

1000, 0.738113, 0.7318936, 0

1000, 0.738113, 0.7318936, 0

1000, 0.7382351, 0.7317716, 0

1000, 0.7383572, 0.7316495, 0

1000, 0.7384792, 0.7315274, 0

1000, 0.7386018, 0.7314053, 0

1000, 0.7387234, 0.7312832, 0

1000, 0.7387234, 0.7312832, 0

1000, 0.7388459, 0.7311612, 0

1000, 0.7389675, 0.7310392, 0

1000, 0.7390896, 0.7309171, 0

1000, 0.7392117, 0.730795, 0

1000, 0.7393337, 0.7306729, 0

1000, 0.7393337, 0.7306729, 0

1000, 0.7394558, 0.7305509, 0

1000, 0.7395774, 0.7304288, 0

1000, 0.7397, 0.7303067, 0

1000, 0.739822, 0.7301847, 0

1000, 0.739822, 0.7301847, 0

1000, 0.7399441, 0.7300625, 0

1000, 0.7400666, 0.72994, 0

1000, 0.7401878, 0.7298184, 0

1000, 0.7403103, 0.7296963, 0

1000, 0.7404324, 0.7295743, 0

1000, 0.7404324, 0.7295743, 0

1000, 0.7405545, 0.7294517, 0

1.980336, 0.7406765, 0.7293301, 0

1.940336, 0.7407986, 0.7292081, 0

1.900336, 0.7409207, 0.729086, 0

1.860336, 0.9510437, 0.7289639, 0

1.860336, 0.9510437, 0.7289639, 0

1.820336, 0.9511659, 0.7288418, 0

1.780336, 0.9512879, 0.7287198, 0

1.100337, 1.373365, 0.5166436, 141.5341

1.060337, 1.373487, 0.516521, 141.5481

1.060337, 1.373487, 0.516521, 141.5481

1.021427, 1.375076, 0.516951, 141.6147

0.9848781, 1.378052, 0.5206283, 141.5744

1.162768, 1.382448, 0.5276086, 141.4262

1.13231, 1.388304, 0.5379851, 141.1671

1.104372, 1.395672, 0.5518892, 140.7935

1.104372, 1.395672, 0.5518892, 140.7935

1.078881, 1.404614, 0.5694948, 140.2999

1.055783, 1.415204, 0.4609633, 147.2426

1.035044, 1.346292, 0.3896002, 147.389

1.01792, 1.285026, 0.4154241, 142.2753

1.242148, 1.236942, 0.4458053, 137.82

1.242148, 1.236942, 0.4458053, 137.82

1.236677, 1.236558, 0.4807553, 135.8595

1.233904, 1.250115, 0.5206219, 134.418

1.12585, 1.34898, 0.4593391, 143.4359

0.7942562, 1000, 1000, 0

0.7942562, 1000, 1000, 0

1000, 0.7312256, 0.7387811, 0

1000, 0.7313476, 0.738659, 0

1000, 0.7314697, 0.738537, 0

1000, 0.7315922, 0.7384148, 0

1000, 0.7317138, 0.7382928, 0

1000, 0.7317138, 0.7382928, 0

1000, 0.7318359, 0.7381707, 0

1000, 0.731958, 0.7380487, 0

1000, 0.7320805, 0.7379266, 0

1000, 0.7322017, 0.7378045, 0

1000, 0.7323242, 0.7376825, 0

1000, 0.7323242, 0.7376825, 0

1000, 0.7324463, 0.7375604, 0

1000, 0.7325683, 0.7374383, 0

1000, 0.7326904, 0.7373163, 0

1000, 0.7328125, 0.7371942, 0

1000, 0.7329345, 0.7370721, 0

1000, 0.7329345, 0.7370721, 0

1000, 0.7330566, 0.73695, 0

1000, 0.7331787, 0.7368279, 0

1000, 0.7333007, 0.7367059, 0

1000, 0.7334224, 0.7365838, 0

1000, 0.7335454, 0.7364618, 0

1000, 0.7335454, 0.7364618, 0

1000, 0.733667, 0.7363397, 0

1000, 0.733789, 0.7362176, 0

1000, 0.7339111, 0.7360955, 0

1000, 0.7340336, 0.7359734, 0

1000, 0.7340336, 0.7359734, 0

1000, 0.7341552, 0.7358514, 0

1000, 0.7342773, 0.7357293, 0

1000, 0.7343994, 0.7356073, 0

1000, 0.7345215, 0.7354852, 0

1000, 0.7346441, 0.7353631, 0

1000, 0.7346441, 0.7353631, 0

1000, 0.7347656, 0.7352411, 0

1000, 0.7348882, 0.735119, 0

1000, 0.7350098, 0.7349969, 0

1000, 0.7351319, 0.7348748, 0

1000, 0.7352539, 0.7347528, 0

1000, 0.7352539, 0.7347528, 0

1000, 0.735376, 0.7346307, 0

1000, 0.7354985, 0.7345086, 0

1000, 0.7356201, 0.7343865, 0

1000, 0.7357422, 0.7342644, 0

1000, 0.7358643, 0.7341424, 0

1000, 0.7358643, 0.7341424, 0

1000, 0.7359868, 0.7340203, 0

1000, 0.7361079, 0.7338982, 0

1.990206, 0.7362305, 0.7337762, 0

1.950206, 0.7363525, 0.7336541, 0

1.910206, 0.7364746, 0.733532, 0

1.910206, 0.7364746, 0.733532, 0

1.870206, 0.9465977, 0.7334099, 0

1.830206, 0.9467198, 0.7332879, 0

1.790206, 0.9468418, 0.7331658, 0

1.750206, 0.9469639, 0.7330438, 0

1.710206, 0.947086, 0.7329217, 0

1.710206, 0.947086, 0.7329217, 0

1.670206, 0.9472081, 0.5227986, 0

1.630206, 0.9473302, 0.5226765, 0

1.590206, 0.9474522, 0.5225545, 0

1.550206, 0.9475743, 0.5224324, 0

1.550206, 0.9475743, 0.5224324, 0

1.510206, 0.9476964, 0.5223103, 0

1.470206, 1.15782, 0.5221882, 129.3985

1.430206, 1.157941, 0.5220662, 129.4113

1.391431, 1.159084, 0.5224038, 129.4535

1.566185, 1.160786, 0.5256208, 129.374

1.566185, 1.160786, 0.5256208, 129.374

1.533798, 1.163062, 0.5317569, 129.1717

1.504361, 1.128824, 0.5408791, 126.9205

1.477793, 1.081431, 0.5530801, 123.8905

1.453769, 1.053281, 0.568376, 0

1.432007, 1.036766, 0.5867798, 0

1.432007, 1.036766, 0.5867798, 0

1.392007, 1.161655, 0.5995912, 125.5956

1.352007, 1.151662, 0.6124026, 124.4397

1.555824, 1.156173, 0.6347233, 123.5443

1.541979, 1.161095, 0.6607013, 122.494

1.531058, 1.166471, 0.6905949, 0

1.531058, 1.166471, 0.6905949, 0

1.523085, 1.165202, 0.6436114, 123.5514

1.483085, 1.151305, 0.5673286, 126.7165

1.477833, 1.157548, 0.5422556, 128.3357

1.477161, 1.165349, 0.580947, 126.7384

1.481137, 1.174572, 0.6251597, 124.953

1.481137, 1.174572, 0.6251597, 124.953

1.489061, 1.163987, 0.6751423, 0

1.776351, 1.151943, 0.7315155, 0

1.736351, 1.161029, 0.7503489, 0

1.696351, 1.127149, 0.7031229, 0

1.656351, 1.093269, 0.6558967, 0

1.656351, 1.093269, 0.6558967, 0

1.616351, 1.059389, 0.6086709, 0

1.576352, 1.063154, 0.6257107, 0

1.536352, 1.11038, 0.6595904, 0

1.496352, 1.157606, 0.6934702, 0

1.456352, 1.199074, 0.7273499, 0

1.456352, 1.199074, 0.7273499, 0

1.416352, 1.165194, 0.6974602, 0

1.376352, 1.131314, 0.6502341, 0

1.336352, 1.097435, 0.6030084, 0

1.296352, 1.068816, 0.5876654, 0

1.296352, 1.068816, 0.5876654, 0

1.256352, 1.116042, 0.6215454, 0

1.216352, 1.163268, 0.6554251, 122.8646

1.176352, 1.210494, 0.6893057, 123.5312

1.180253, 1.198226, 0.6590734, 124.4343

1.188621, 1.187275, 0.5888392, 127.4616

1.188621, 1.187275, 0.5888392, 127.4616

1.202247, 1.177382, 0.5268891, 130.1806

1.223127, 1.16771, 0.4718296, 132.5985

1.252697, 1.158438, 0.4229814, 134.7434

1.292871, 1.149699, 0.4931594, 130.5001

1.346261, 1.141587, 0.5887435, 125.127

1.346261, 1.141587, 0.5887435, 125.127

1.411106, 1.135524, 0.548968, 126.8491

1.488561, 1.131369, 0.5145162, 128.417

1.589703, 1.127507, 0.4840656, 129.8089

1.723103, 1.123999, 0.4573519, 131.036

1.90212, 1.120895, 0.4341454, 132.1085

1.90212, 1.120895, 0.4341454, 132.1085

1000, 1.11824, 0.4142477, 133.0353

1000, 1.146426, 0.3974892, 135.4819

1000, 1.214245, 0.3837292, 140.0382

1000, 1.325456, 0.3728216, 147.1467

1000, 1.323395, 0.5582248, 136.3766

1000, 1.323395, 0.5582248, 136.3766

1000, 1.322399, 0.5696634, 135.6908

1000, 1.322826, 0.5671753, 135.8512

1000, 1.324327, 0.5678684, 135.8957

1000, 1.326917, 0.571744, 135.8249

1000, 1.326917, 0.571744, 135.8249

1000, 1.330619, 0.5788556, 135.6372

1000, 1.335459, 0.5892888, 135.33

1000, 1.341473, 0.6031623, 134.8994

1000, 1.56751, 0.6206309, 146.8037

1000, 1.579288, 0.6418876, 146.2406

1000, 1.579288, 0.6418876, 146.2406

1.71272, 1.595732, 0.6683305, 145.6489

1.486585, 1.614882, 0.6997293, 144.9274

1.116934, 0.9663259, 1.06296, 0

1.116934, 0.9663259, 1.06296, 0

1000, 0.7424284, 0.7275777, 0

1000, 0.7425505, 0.7274562, 0

1000, 0.7426726, 0.7273341, 0

1000, 0.7427946, 0.7272115, 0

1000, 0.7429167, 0.7270899, 0

1000, 0.7429167, 0.7270899, 0

1000, 0.7430383, 0.7269679, 0

1000, 0.7431609, 0.7268458, 0

1000, 0.743283, 0.7267237, 0

1000, 0.7434046, 0.7266017, 0

1000, 0.7435266, 0.7264791, 0

1000, 0.7435266, 0.7264791, 0

1000, 0.7436491, 0.7263575, 0

1000, 0.7437713, 0.7262354, 0

1000, 0.7438933, 0.7261134, 0

1000, 0.7440149, 0.7259913, 0

1000, 0.7440149, 0.7259913, 0

1000, 0.7441369, 0.7258692, 0

1000, 0.7442591, 0.7257468, 0

1000, 0.7443811, 0.7256251, 0

1000, 0.7445032, 0.725503, 0

1000, 0.7446252, 0.7253809, 0

1000, 0.7446252, 0.7253809, 0

1000, 0.7447473, 0.7252589, 0

1000, 0.7448694, 0.7251368, 0

1000, 0.7449914, 0.7250147, 0

1000, 0.745114, 0.7248921, 0

1000, 0.745236, 0.7247701, 0

1000, 0.745236, 0.7247701, 0

1000, 0.7453581, 0.7246485, 0

1000, 0.7454797, 0.7245265, 0

1000, 0.7456018, 0.7244043, 0

1000, 0.7457243, 0.7242823, 0

1000, 0.7458464, 0.7241603, 0

1000, 0.7458464, 0.7241603, 0

1000, 0.745968, 0.7240382, 0

1000, 0.7460905, 0.7239156, 0

1000, 0.7462121, 0.723794, 0

1000, 0.7463347, 0.7236719, 0

1000, 0.7464563, 0.7235498, 0

1000, 0.7464563, 0.7235498, 0

1000, 0.7465788, 0.7234278, 0

1000, 0.7467004, 0.7233058, 0

1000, 0.746823, 0.7231832, 0

1000, 0.7469445, 0.7230616, 0

1000, 0.7470671, 0.7229396, 0

1000, 0.7470671, 0.7229396, 0

1000, 0.7471892, 0.7228175, 0

1000, 0.7473108, 0.7226949, 0

1000, 0.7474329, 0.7225733, 0

1.988992, 0.7475554, 0.7224508, 0

1.988992, 0.7475554, 0.7224508, 0

1.948992, 0.7476775, 0.7223292, 0

1.908992, 0.7477991, 0.7222071, 0

1.868992, 0.9579226, 0.7220846, 0

1.828992, 0.9580442, 0.721963, 0

1.788992, 0.9581663, 0.7218409, 0

1.788992, 0.9581663, 0.7218409, 0

1.748991, 0.9582884, 0.7217188, 0

1.708992, 0.9584104, 0.7215968, 0

1.668991, 0.9585325, 0.5114732, 0

1.628991, 0.9586546, 0.5113516, 0

1.588991, 0.9587771, 0.5112295, 0

1.588991, 0.9587771, 0.5112295, 0

1.548992, 0.9588992, 0.5111074, 0

1.508992, 0.9590213, 0.5109854, 0

1.468992, 1.169144, 0.5108633, 130.5923

1.428992, 1.169266, 0.5107408, 130.6052

1.39024, 1.170439, 0.5110779, 130.6495

1.39024, 1.170439, 0.5110779, 130.6495

1.565081, 1.172223, 0.5143071, 130.573

1.532833, 1.174633, 0.5204696, 130.3745

1.503589, 1.12518, 0.5296339, 127.3123

1.477272, 1.076901, 0.5418957, 124.2252

1.45344, 1.049197, 0.557232, 0

1.45344, 1.049197, 0.557232, 0

1.431876, 1.032991, 0.5756709, 0

1.391876, 1.156881, 0.5885856, 125.9134

1.351876, 1.163893, 0.6015003, 125.6124

1.332038, 1.168667, 0.6238576, 124.72

1.332038, 1.168667, 0.6238576, 124.72

1.542719, 1.174038, 0.649954, 123.6764

1.532337, 1.178988, 0.68001, 0

1.52499, 1.159072, 0.6371377, 123.5686

1.48499, 1.165169, 0.5615336, 127.7306

1.480096, 1.1718, 0.5316634, 129.6351

1.480096, 1.1718, 0.5316634, 129.6351

1.480156, 1.180323, 0.570526, 128.0501

1.485095, 1.17267, 0.6150161, 125.3712

1.494146, 1.157462, 0.6653845, 0

1.783545, 1.145689, 0.722086, 0

1.743545, 1.178487, 0.7454482, 0

1.743545, 1.178487, 0.7454482, 0

1.703545, 1.144256, 0.6987075, 0

1.663545, 1.110025, 0.6519667, 0

1.623545, 1.075794, 0.6052251, 0

1.583545, 1.056414, 0.6168408, 0

1.543545, 1.103155, 0.6510718, 0

1.543545, 1.103155, 0.6510718, 0

1.503545, 1.149895, 0.6853026, 0

1.463544, 1.196636, 0.7195341, 0

1.423545, 1.181039, 0.694501, 0

1.383544, 1.146808, 0.6477599, 0

1.343544, 1.112577, 0.6010188, 123.0498

1.343544, 1.112577, 0.6010188, 123.0498

1.303544, 1.078346, 0.5800579, 0

1.312951, 1.084942, 0.6383094, 0

1.272951, 1.098302, 0.6756295, 0

1.232951, 1.141173, 0.7058225, 0

1.192951, 1.184046, 0.6629505, 123.5266

1.192951, 1.184046, 0.6629505, 123.5266

1.152951, 1.22287, 0.6200785, 127.6869

1.16066, 1.214847, 0.5522298, 130.8221

1.175016, 1.20273, 0.4918584, 133.4069

1.196958, 1.191092, 0.4383633, 135.6903

1.196958, 1.191092, 0.4383633, 135.6903

1.227926, 1.180164, 0.4558602, 134.1355

1.269976, 1.170043, 0.5447462, 128.8574

1.323238, 1.161665, 0.5586385, 127.6991

1.387138, 1.155592, 0.5206315, 129.3633

1.467841, 1.150585, 0.4873092, 130.857

1.467841, 1.150585, 0.4873092, 130.857

1.573877, 1.146011, 0.4579708, 132.1776

1.714843, 1.141921, 0.4323479, 133.3367

1.906005, 1.138358, 0.4102087, 134.3448

1000, 1.135355, 0.3913539, 135.211

1000, 1.132936, 0.3756159, 135.9432

1000, 1.132936, 0.3756159, 135.9432

1000, 1.164324, 0.362856, 138.3985

1000, 1.279536, 0.3529646, 145.5999

1000, 1.340068, 0.5565794, 137.3933

1000, 1.339445, 0.5515829, 137.6371

1000, 1.340185, 0.5500261, 137.7654

1000, 1.340185, 0.5500261, 137.7654

1000, 1.342095, 0.5516546, 137.7811

1000, 1.345198, 0.5565017, 137.6837

1000, 1.34952, 0.5646327, 137.4712

1000, 1.355097, 0.5761467, 137.1407

1000, 1.361969, 0.5911784, 136.6877

1000, 1.361969, 0.5911784, 136.6877

1000, 1.586866, 0.6132267, 148.4053

1000, 0.7322003, 0.7378064, 0

1000, 0.7323223, 0.7376844, 0

1000, 0.7324444, 0.7375623, 0

1000, 0.7324444, 0.7375623, 0

1000, 0.7325669, 0.7374402, 0

1000, 0.732689, 0.7373182, 0

1000, 0.732811, 0.7371961, 0

1000, 0.7329331, 0.737074, 0

1000, 0.7329331, 0.737074, 0

1000, 0.7330552, 0.7369519, 0

1000, 0.7331768, 0.7368299, 0

1000, 0.7332989, 0.7367078, 0

1000, 0.7334209, 0.7365857, 0

1000, 0.733543, 0.7364637, 0

1000, 0.733543, 0.7364637, 0

1000, 0.7336651, 0.7363415, 0

1000, 0.7337877, 0.7362195, 0

1000, 0.7339092, 0.7360975, 0

1000, 0.7340313, 0.7359754, 0

1000, 0.7341529, 0.7358533, 0

1000, 0.7341529, 0.7358533, 0

1000, 0.7342754, 0.7357312, 0

1000, 0.7343975, 0.7356092, 0

1000, 0.7345201, 0.7354871, 0

1000, 0.7346417, 0.735365, 0

1000, 0.7347642, 0.735243, 0

1000, 0.7347642, 0.735243, 0

1000, 0.7348858, 0.7351209, 0

1000, 0.7350084, 0.7349988, 0

1000, 0.7351299, 0.7348768, 0

1000, 0.735252, 0.7347547, 0

1000, 0.7353736, 0.7346326, 0

1000, 0.7353736, 0.7346326, 0

1000, 0.7354962, 0.7345105, 0

1000, 0.7356182, 0.7343884, 0

1000, 0.7357408, 0.7342663, 0

1000, 0.7358624, 0.7341443, 0

1000, 0.7359844, 0.7340222, 0

1000, 0.7359844, 0.7340222, 0

1000, 0.7361065, 0.7339002, 0

1000, 0.7362285, 0.7337781, 0

1000, 0.7363507, 0.733656, 0

1000, 0.7364731, 0.7335339, 0

1000, 0.7364731, 0.7335339, 0

1000, 0.7365953, 0.7334118, 0

1000, 0.7367173, 0.7332898, 0

1000, 0.7368394, 0.7331677, 0

1000, 0.7369615, 0.7330457, 0

1000, 0.7370831, 0.7329236, 0

1000, 0.7370831, 0.7329236, 0

1000, 0.7372051, 0.7328015, 0

1.973089, 0.7373272, 0.7326794, 0

1.933089, 0.7374492, 0.7325574, 0

1.893089, 0.7375714, 0.7324353, 0

1.853088, 0.9476944, 0.7323132, 0

1.853088, 0.9476944, 0.7323132, 0

1.813089, 0.9478165, 0.7321911, 0

1.773089, 0.9479386, 0.7320691, 0

1.733088, 0.9480607, 0.731947, 0

1.693088, 0.9481827, 0.7318249, 0

1.653088, 0.9483048, 0.5217019, 0

1.653088, 0.9483048, 0.5217019, 0

1.613088, 0.9484269, 0.5215798, 0

1.573088, 0.948549, 0.5214577, 0

1.533088, 0.948671, 0.5213357, 0

1.493088, 0.9487931, 0.5212136, 0

1.453089, 1.158916, 0.5210915, 129.5136

1.453089, 1.158916, 0.5210915, 129.5136

1.413089, 1.159038, 0.5209695, 129.5264

1.374301, 1.160183, 0.5213071, 129.5688

1.549014, 1.161893, 0.524525, 129.4896

1.516555, 1.164183, 0.5306638, 129.2877

1.487014, 1.167062, 0.5397901, 128.9606

1.487014, 1.167062, 0.5397901, 128.9606

1.460312, 1.157961, 0.551997, 127.8512

1.436388, 1.114478, 0.5674051, 124.8345

1.415091, 1.085071, 0.586122, 0

1.620055, 1.066252, 0.6081541, 0

1.620055, 1.066252, 0.6081541, 0

1.580055, 1.169224, 0.6230182, 124.7907

1.540055, 1.15436, 0.6378822, 123.2955

1.526172, 1.159335, 0.6641107, 0

1.51505, 1.164656, 0.6942225, 0

1.475051, 1.145712, 0.6614396, 0

1.475051, 1.145712, 0.6614396, 0

1.43505, 1.126768, 0.5769784, 124.9721

1.39505, 1.107824, 0.5186941, 126.9816

1.384939, 1.112899, 0.549497, 125.6638

1.378517, 1.119032, 0.5848668, 124.1829

1.375146, 1.125568, 0.6249588, 122.5047

1.375146, 1.125568, 0.6249588, 122.5047

1.374922, 1.132466, 0.6702116, 0

1.37795, 1.13966, 0.7211218, 0

1.33795, 1.108616, 0.6963853, 0

1.29795, 1.077572, 0.6448464, 0

1.25795, 1.119247, 0.5933074, 123.7694

1.25795, 1.119247, 0.5933074, 123.7694

1.21795, 1.170786, 0.5794728, 127.094

1.49524, 1.158972, 0.6322791, 123.8072

1.513573, 1.14732, 0.6928921, 0

1.536472, 1.138521, 0.6340905, 122.6947

1.496472, 1.178103, 0.5945089, 126.6968

1.496472, 1.178103, 0.5945089, 126.6968

1.523731, 1.169265, 0.5685083, 127.5816

1.561172, 1.160187, 0.6445203, 123.2549

1.608906, 1.151994, 0.6926995, 0

1.664798, 1.146044, 0.6420526, 122.6729

1.664798, 1.146044, 0.6420526, 122.6729

1.624797, 1.173746, 0.6143512, 125.4598

1.69075, 1.167926, 0.5702815, 127.4207

1.775508, 1.162204, 0.5308965, 129.1718

1.883792, 1.156839, 0.4959387, 130.7311

1000, 1.151907, 0.5386106, 128.2319

1000, 1.151907, 0.5386106, 128.2319

1000, 1.147466, 0.6645706, 0

1000, 1.144106, 0.6375219, 122.8019

1000, 1.158228, 0.6233999, 124.2163

1000, 1.155939, 0.6007492, 125.246

1000, 1.153974, 0.5813782, 126.1331

1000, 1.153974, 0.5813782, 126.1331

1000, 1.152404, 0.5651782, 126.8835

1000, 1.151258, 0.5520414, 127.5019

1000, 1.150564, 0.5418811, 127.9923

1000, 1.150344, 0.5346341, 128.3575

1000, 1.150616, 0.5302582, 128.5996

1000, 1.150616, 0.5302582, 128.5996

1000, 1.151397, 0.7387508, 0

1000, 1.363048, 0.740411, 128.7185

1000, 1.150406, 0.7427079, 0

1000, 1.152238, 0.7476842, 0

1000, 1.148134, 0.7517884, 0

1000, 1.148134, 0.7517884, 0

1000, 1.14403, 0.7558925, 0

1000, 1.139926, 0.7599967, 0

1000, 1.135822, 0.7641007, 0

1000, 0.920615, 0.7682049, 0

1000, 0.9165109, 0.772309, 0

1000, 0.9165109, 0.772309, 0

1000, 0.9124068, 0.7764131, 0

1000, 0.9083027, 0.7805172, 0

1000, 0.693096, 0.7846212, 0

1000, 0.6889919, 0.7887254, 0

1000, 0.6889919, 0.7887254, 0

1000, 0.6848878, 0.7928295, 0

1000, 0.6807837, 0.7969336, 0

1000, 0.6766798, 0.8010377, 0

1000, 0.461473, 0.8051419, 0

1000, 0.4573689, 0.8092459, 0

1000, 0.4573689, 0.8092459, 0

1000, 0.4532645, 0.8133501, 0

1000, 0.4491605, 0.8174542, 0

1000, 0.4450566, 0.8215583, 0

1000, 0.4409524, 0.8256624, 0

1000, 0.4368483, 0.8297665, 0

1000, 0.4368483, 0.8297665, 0

1000, 0.4327442, 0.8338706, 0

1000, 0.4286401, 0.8379747, 0

1000, 0.424536, 0.8420789, 0

1000, 0.4204319, 0.846183, 0

1000, 0.4163278, 0.8502871, 0

1000, 0.4163278, 0.8502871, 0

1000, 0.4122237, 0.8543912, 0

1000, 0.3424537, 0.9241611, -126.6

1000, 0.3383496, 0.9282653, -127.022

1000, 0.3330619, 0.9290677, -127.3361

1000, 0.3330619, 0.9290677, -127.3361

1000, 0.330209, 0.9299112, -127.5271

1000, 0.3297803, 0.9308105, -127.5957

1000, 0.3317842, 0.9317752, -127.542

1000, 0.3362505, 0.9328105, -127.3647

1000, 0.3432291, 0.933917, -127.0618

1000, 0.3432291, 0.933917, -127.0618

1000, 0.3527916, 0.9350903, -126.6303

1000, 0.368221, 0.9331311, -125.7407

0.8010023, 1000, 1000, 0

1000, 0.7315522, 0.7384545, 0

1000, 0.7315522, 0.7384545, 0

1000, 0.7316747, 0.7383319, 0

1000, 0.7317968, 0.7382103, 0

1000, 0.7319184, 0.7380883, 0

1000, 0.7320405, 0.7379662, 0

1000, 0.732163, 0.7378441, 0

1000, 0.732163, 0.7378441, 0

1000, 0.7322851, 0.737722, 0

1000, 0.7324072, 0.7375994, 0

1000, 0.7325292, 0.7374779, 0

1000, 0.7326514, 0.7373558, 0

1000, 0.7327734, 0.7372338, 0

1000, 0.7327734, 0.7372338, 0

1000, 0.7328954, 0.7371116, 0

1000, 0.7330176, 0.7369891, 0

1000, 0.7331396, 0.7368675, 0

1000, 0.7332616, 0.7367455, 0

1000, 0.7333837, 0.7366234, 0

1000, 0.7333837, 0.7366234, 0

1000, 0.7335058, 0.7365013, 0

1000, 0.7336274, 0.7363793, 0

1000, 0.7337494, 0.7362572, 0

1000, 0.733872, 0.7361346, 0

1000, 0.7339941, 0.7360131, 0

1000, 0.7339941, 0.7360131, 0

1000, 0.7341157, 0.7358909, 0

1000, 0.7342382, 0.7357689, 0

1000, 0.7343603, 0.7356468, 0

1000, 0.7344819, 0.7355248, 0

1000, 0.7344819, 0.7355248, 0

1000, 0.7346045, 0.7354027, 0

1000, 0.7347261, 0.7352806, 0

1000, 0.7348486, 0.7351586, 0

1000, 0.7349702, 0.7350365, 0

1000, 0.7350928, 0.7349144, 0

1000, 0.7350928, 0.7349144, 0

1000, 0.7352148, 0.7347919, 0

1000, 0.7353364, 0.7346703, 0

1000, 0.735459, 0.7345477, 0

1000, 0.735581, 0.7344261, 0

1000, 0.7357026, 0.734304, 0

1000, 0.7357026, 0.734304, 0

1000, 0.7358252, 0.7341819, 0

1000, 0.7359473, 0.7340599, 0

1000, 0.7360693, 0.7339374, 0

1000, 0.7361914, 0.7338157, 0

1000, 0.736313, 0.7336937, 0

1000, 0.736313, 0.7336937, 0

1000, 0.7364351, 0.7335716, 0

1.988995, 0.7365571, 0.733449, 0

1.948995, 0.7366792, 0.7333275, 0

1.908995, 0.7368013, 0.7332054, 0

1.868995, 0.9469243, 0.7330833, 0

1.868995, 0.9469243, 0.7330833, 0

1.828995, 0.9470465, 0.7329613, 0

1.788995, 0.9471685, 0.7328392, 0

1.748995, 0.9472906, 0.7327171, 0

1.708995, 0.9474126, 0.732595, 0

1.668995, 0.9475347, 0.522472, 0

1.668995, 0.9475347, 0.522472, 0

1.628995, 0.9476568, 0.5223499, 0

1.588995, 0.9477788, 0.5222278, 0

1.548995, 0.9479009, 0.5221058, 0

1.508995, 0.948023, 0.5219837, 0

1.508995, 0.948023, 0.5219837, 0

1.468995, 1.158146, 0.5218616, 129.4327

1.428995, 1.158268, 0.5217395, 129.4455

1.390219, 1.159411, 0.5220772, 129.4878

1.564973, 1.161116, 0.5252945, 129.4084

1.532584, 1.163396, 0.5314314, 129.2062

1.532584, 1.163396, 0.5314314, 129.2062

1.503144, 1.135377, 0.5405548, 127.2749

1.476573, 1.086627, 0.5527576, 124.168

1.452589, 1.057159, 0.5680734, 0

1.430867, 1.039815, 0.5865046, 0

1.390867, 1.164585, 0.5993281, 125.7583

1.390867, 1.164585, 0.5993281, 125.7583

1.350867, 1.152072, 0.6121516, 124.473

1.554741, 1.156616, 0.6345029, 123.5775

1.540911, 1.161556, 0.6605074, 122.5266

1.530004, 1.166952, 0.6904306, 0

1.522048, 1.166919, 0.6406129, 123.7878

1.522048, 1.166919, 0.6406129, 123.7878

1.482048, 1.151788, 0.5643988, 126.892

1.476873, 1.158103, 0.5421498, 128.3701

1.476272, 1.165972, 0.5809017, 126.7727

1.480283, 1.175233, 0.6251694, 124.986

1.488247, 1.16503, 0.6752158, 0

1.488247, 1.16503, 0.6752158, 0

1.775709, 1.152931, 0.7316633, 0

1.735709, 1.161743, 0.7481472, 0

1.695709, 1.127825, 0.7009743, 0

1.65571, 1.093907, 0.6538015, 0

1.61571, 1.05999, 0.6066279, 0

1.61571, 1.05999, 0.6066279, 0

1.57571, 1.064088, 0.6259186, 0

1.53571, 1.111261, 0.6598359, 0

1.49571, 1.158434, 0.6937534, 0

1.45571, 1.199652, 0.727671, 0

1.45571, 1.199652, 0.727671, 0

1.415711, 1.165735, 0.6954703, 0

1.375711, 1.131818, 0.6482974, 0

1.335711, 1.0979, 0.6011242, 0

1.295711, 1.069592, 0.5880088, 0

1.255711, 1.116765, 0.6219263, 0

1.255711, 1.116765, 0.6219263, 0

1.215711, 1.163938, 0.6558439, 122.8771

1.175711, 1.211112, 0.6897621, 123.5393

1.179641, 1.198823, 0.6573608, 124.5509

1.188042, 1.187855, 0.5872753, 127.5725

1.201756, 1.177907, 0.5254357, 130.285

1.201756, 1.177907, 0.5254357, 130.285

1.222742, 1.16819, 0.4704802, 132.6969

1.252444, 1.158882, 0.4217298, 134.8361

1.292783, 1.150115, 0.4940206, 130.4766

1.346386, 1.141982, 0.5875536, 125.2074

1.411405, 1.135925, 0.5478771, 126.9259

1.411405, 1.135925, 0.5478771, 126.9259

1.489185, 1.131754, 0.5135018, 128.4899

1.590774, 1.12788, 0.4831239, 129.8781

1.724808, 1.124362, 0.4564793, 131.1017

1.904763, 1.121254, 0.4333387, 132.1709

1000, 1.118596, 0.4135043, 133.0946

1000, 1.118596, 0.4135043, 133.0946

1000, 1.149279, 0.3968069, 135.6762

1000, 1.218214, 0.3831055, 140.2992

1000, 1.325782, 0.3722528, 147.2001

1000, 1.323731, 0.5676777, 135.8734

1000, 1.322763, 0.5692052, 135.736

1000, 1.322763, 0.5692052, 135.736

1000, 1.323213, 0.5667898, 135.8938

1000, 1.324737, 0.5675434, 135.9362

1000, 1.327351, 0.5714806, 135.8633

1000, 1.33108, 0.5786558, 135.6736

1000, 1.33108, 0.5786558, 135.6736

1000, 1.335951, 0.5891552, 135.3643

1000, 1.341997, 0.6030985, 134.9315

1000, 1.568133, 0.6206409, 146.8402

1.999413, 1.579964, 0.6419766, 146.2754

1.708669, 1.596477, 0.668509, 145.6824

1.708669, 1.596477, 0.668509, 145.6824

1.483431, 1.615704, 0.7000067, 144.9594

1.117949, 0.9655325, 1.062087, 0

1000, 0.7424532, 0.7275534, 0

1000, 0.7424532, 0.7275534, 0

1000, 0.7425753, 0.7274314, 0

1000, 0.7426974, 0.7273093, 0

1000, 0.7428194, 0.7271872, 0

1000, 0.742941, 0.7270651, 0

1000, 0.7430636, 0.7269426, 0

1000, 0.7430636, 0.7269426, 0

1000, 0.7431857, 0.726821, 0

1000, 0.7433077, 0.7266985, 0

1000, 0.7434298, 0.7265769, 0

1000, 0.7435519, 0.7264548, 0

1000, 0.7435519, 0.7264548, 0

1000, 0.7436734, 0.7263327, 0

1000, 0.7437956, 0.7262107, 0

1000, 0.7439176, 0.7260881, 0

1000, 0.7440402, 0.7259665, 0

1000, 0.7441622, 0.7258444, 0

1000, 0.7441622, 0.7258444, 0

1000, 0.7442843, 0.7257224, 0

1000, 0.7444064, 0.7255998, 0

1000, 0.7445284, 0.7254782, 0

1000, 0.7446505, 0.7253562, 0

1000, 0.7447726, 0.725234, 0

1000, 0.7447726, 0.725234, 0

1000, 0.7448946, 0.725112, 0

1000, 0.7450167, 0.72499, 0

1000, 0.7451383, 0.7248679, 0

1000, 0.7452604, 0.7247458, 0

1000, 0.7453824, 0.7246237, 0

1000, 0.7453824, 0.7246237, 0

1000, 0.745505, 0.7245017, 0

1000, 0.745627, 0.7243796, 0

1000, 0.7457487, 0.7242575, 0

1000, 0.7458712, 0.724135, 0

1000, 0.7459933, 0.7240134, 0

1000, 0.7459933, 0.7240134, 0

1000, 0.7461149, 0.7238913, 0

1000, 0.7462374, 0.7237692, 0

1000, 0.746359, 0.7236467, 0

1000, 0.7464815, 0.7235251, 0

1000, 0.7466031, 0.723403, 0

1000, 0.7466031, 0.723403, 0

1000, 0.7467257, 0.7232805, 0

1000, 0.7468473, 0.7231589, 0

1000, 0.7469698, 0.7230368, 0

1000, 0.7470919, 0.7229148, 0

1000, 0.7472135, 0.7227927, 0

1000, 0.7472135, 0.7227927, 0

1000, 0.7473361, 0.7226706, 0

1000, 0.7474582, 0.7225481, 0

1.989016, 0.7475798, 0.7224265, 0

1.949016, 0.7477018, 0.7223044, 0

1.949016, 0.7477018, 0.7223044, 0

1.909016, 0.7478239, 0.7221823, 0

1.869015, 0.957947, 0.7220603, 0

1.829015, 0.958069, 0.7219382, 0

1.789015, 0.9581911, 0.7218156, 0

1.749015, 0.9583132, 0.7216941, 0

1.749015, 0.9583132, 0.7216941, 0

1.709016, 0.9584352, 0.721572, 0

1.669015, 0.9585573, 0.5114484, 0

1.629015, 0.9586794, 0.5113268, 0

1.589015, 0.9588014, 0.5112047, 0

1.549015, 0.9589235, 0.5110826, 0

1.549015, 0.9589235, 0.5110826, 0

1.509015, 0.9590456, 0.5109606, 0

1.469016, 1.169169, 0.5108385, 130.5949

1.429016, 1.169291, 0.510716, 130.6079

1.390264, 1.170464, 0.5110536, 130.6521

1.565106, 1.172248, 0.5142823, 130.5756

1.565106, 1.172248, 0.5142823, 130.5756

1.532858, 1.174658, 0.5204448, 130.3771

1.503614, 1.125025, 0.529609, 127.3056

1.477298, 1.076772, 0.5418709, 124.22

1.453465, 1.049099, 0.5572067, 0

1.431902, 1.032911, 0.575645, 0

1.431902, 1.032911, 0.575645, 0

1.391902, 1.156802, 0.5885596, 125.9107

1.351902, 1.163919, 0.6014743, 125.615

1.332063, 1.168693, 0.6238309, 124.7227

1.542745, 1.174065, 0.6499271, 123.6791

1.542745, 1.174065, 0.6499271, 123.6791

1.532364, 1.178929, 0.6799829, 0

1.525019, 1.159017, 0.6371868, 123.5634

1.485019, 1.165197, 0.5615823, 127.7295

1.480125, 1.171828, 0.5316356, 129.638

1.480184, 1.180352, 0.5704979, 128.0531

1.480184, 1.180352, 0.5704979, 128.0531

1.485125, 1.172627, 0.6149871, 125.3706

1.494179, 1.157421, 0.6653553, 0

1.783579, 1.145649, 0.7220557, 0

1.74358, 1.17852, 0.7454838, 0

1.70358, 1.144289, 0.6987432, 0

1.70358, 1.144289, 0.6987432, 0

1.66358, 1.110058, 0.6520033, 0

1.62358, 1.075826, 0.6052625, 0

1.58358, 1.056373, 0.6168111, 0

1.543581, 1.103113, 0.6510423, 0

1.503581, 1.149854, 0.6852737, 0

1.503581, 1.149854, 0.6852737, 0

1.463581, 1.196594, 0.7195046, 0

1.423581, 1.181072, 0.6945386, 0

1.383581, 1.146841, 0.6477987, 0

1.343581, 1.112609, 0.6010581, 123.0495

1.303581, 1.078379, 0.5800279, 0

1.303581, 1.078379, 0.5800279, 0

1.31299, 1.084975, 0.6382781, 0

1.27299, 1.09826, 0.6755986, 0

1.23299, 1.141132, 0.7058608, 0

1.19299, 1.184004, 0.6629888, 123.5226

1.15299, 1.222904, 0.6201164, 127.6867

1.15299, 1.222904, 0.6201164, 127.6867

1.160699, 1.214808, 0.5522674, 130.8181

1.175056, 1.202693, 0.4918948, 133.4029

1.196999, 1.191058, 0.4383984, 135.6865

1.227966, 1.180133, 0.4558199, 134.136

1.227966, 1.180133, 0.4558199, 134.136

1.270017, 1.170014, 0.5447009, 128.8582

1.32328, 1.161637, 0.5586705, 127.696

1.387184, 1.155565, 0.5206625, 129.3602

1.467887, 1.150559, 0.4873393, 130.854

1.573922, 1.145986, 0.4579999, 132.1747

1.573922, 1.145986, 0.4579999, 132.1747

1.714884, 1.141897, 0.432376, 133.3339

1.906043, 1.138335, 0.4102364, 134.342

1000, 1.135331, 0.3913809, 135.2083

1000, 1.132913, 0.375642, 135.9405

1000, 1.164391, 0.3628812, 138.4009

1000, 1.164391, 0.3628812, 138.4009

1000, 1.27961, 0.352989, 145.6028

1000, 1.340045, 0.5566033, 137.3907

1000, 1.339423, 0.5516059, 137.6346

1000, 1.340163, 0.5500484, 137.7629

1000, 1.342072, 0.5516762, 137.7786

1000, 1.342072, 0.5516762, 137.7786

1000, 1.345174, 0.5565224, 137.6812

1000, 1.349496, 0.5646527, 137.4688

1000, 1.355072, 0.576166, 137.1382

1000, 1.361943, 0.5911967, 136.6853

1000, 1.58684, 0.6132419, 148.4028

1000, 1.58684, 0.6132419, 148.4028

1000, 0.7322003, 0.7378064, 0

1000, 0.7323223, 0.7376844, 0

1000, 0.7324444, 0.7375623, 0

1000, 0.7324444, 0.7375623, 0

1000, 0.7325669, 0.7374402, 0

1000, 0.732689, 0.7373182, 0

1000, 0.732811, 0.7371961, 0

1000, 0.7329331, 0.737074, 0

1000, 0.7330552, 0.7369519, 0

1000, 0.7330552, 0.7369519, 0

1000, 0.7331768, 0.7368299, 0

1000, 0.7332989, 0.7367078, 0

1000, 0.7334209, 0.7365857, 0

1000, 0.733543, 0.7364637, 0

1000, 0.7336651, 0.7363415, 0

1000, 0.7336651, 0.7363415, 0

1000, 0.7337877, 0.7362195, 0

1000, 0.7339092, 0.7360975, 0

1000, 0.7340313, 0.7359754, 0

1000, 0.7341529, 0.7358533, 0

1000, 0.7342754, 0.7357312, 0

1000, 0.7342754, 0.7357312, 0

1000, 0.7343975, 0.7356092, 0

1000, 0.7345201, 0.7354871, 0

1000, 0.7346417, 0.735365, 0

1000, 0.7347642, 0.735243, 0

1000, 0.7348858, 0.7351209, 0

1000, 0.7348858, 0.7351209, 0

1000, 0.7350084, 0.7349988, 0

1000, 0.7351299, 0.7348768, 0

1000, 0.735252, 0.7347547, 0

1000, 0.7353736, 0.7346326, 0

1000, 0.7354962, 0.7345105, 0

1000, 0.7354962, 0.7345105, 0

1000, 0.7356182, 0.7343884, 0

1000, 0.7357408, 0.7342663, 0

1000, 0.7358624, 0.7341443, 0

1000, 0.7359844, 0.7340222, 0

1000, 0.7359844, 0.7340222, 0

1000, 0.7361065, 0.7339002, 0

1000, 0.7362285, 0.7337781, 0

1000, 0.7363507, 0.733656, 0

1000, 0.7364731, 0.7335339, 0

1000, 0.7365953, 0.7334118, 0

1000, 0.7365953, 0.7334118, 0

1000, 0.7367173, 0.7332898, 0

1000, 0.7368394, 0.7331677, 0

1000, 0.7369615, 0.7330457, 0

1000, 0.7370831, 0.7329236, 0

1000, 0.7372051, 0.7328015, 0

1000, 0.7372051, 0.7328015, 0

1.973088, 0.7373272, 0.7326794, 0

1.933088, 0.7374492, 0.7325574, 0

1.893088, 0.7375714, 0.7324353, 0

1.853088, 0.9476944, 0.7323132, 0

1.813088, 0.9478165, 0.7321911, 0

1.813088, 0.9478165, 0.7321911, 0

1.773088, 0.9479386, 0.7320691, 0

1.733088, 0.9480607, 0.731947, 0

1.693088, 0.9481827, 0.7318249, 0

1.653088, 0.9483048, 0.5217019, 0

1.613088, 0.9484269, 0.5215798, 0

1.613088, 0.9484269, 0.5215798, 0

1.573088, 0.948549, 0.5214577, 0

1.533088, 0.948671, 0.5213357, 0

1.493088, 0.9487931, 0.5212136, 0

1.453088, 1.158916, 0.5210915, 129.5136

1.413088, 1.159038, 0.5209695, 129.5264

1.413088, 1.159038, 0.5209695, 129.5264

1.3743, 1.160183, 0.5213071, 129.5688

1.549013, 1.161893, 0.524525, 129.4896

1.516554, 1.164183, 0.5306638, 129.2877

1.487014, 1.167062, 0.5397902, 128.9606

1.487014, 1.167062, 0.5397902, 128.9606

1.460312, 1.157963, 0.551997, 127.8513

1.436387, 1.11448, 0.5674052, 124.8346

1.41509, 1.085073, 0.586122, 0

1.620055, 1.066253, 0.6081542, 0

1.580055, 1.169224, 0.6230182, 124.7907

1.580055, 1.169224, 0.6230182, 124.7907

1.540055, 1.15436, 0.6378824, 123.2955

1.526171, 1.159335, 0.6641109, 0

1.51505, 1.164656, 0.6942225, 0

1.47505, 1.145712, 0.6614381, 0

1.43505, 1.126768, 0.5769769, 124.9722

1.43505, 1.126768, 0.5769769, 124.9722

1.39505, 1.107824, 0.5186941, 126.9815

1.384939, 1.1129, 0.5494971, 125.6638

1.378516, 1.119032, 0.5848668, 124.1829

1.375146, 1.125568, 0.6249589, 122.5047

1.374921, 1.132466, 0.6702114, 0

1.374921, 1.132466, 0.6702114, 0

1.377949, 1.13966, 0.7211221, 0

1.33795, 1.108616, 0.6963842, 0

1.29795, 1.077571, 0.6448453, 0

1.25795, 1.119247, 0.5933064, 123.7695

1.21795, 1.170786, 0.579473, 127.094

1.21795, 1.170786, 0.579473, 127.094

1.49524, 1.158973, 0.6322791, 123.8073

1.513573, 1.147321, 0.692892, 0

1.536472, 1.138522, 0.6340892, 122.6948

1.496472, 1.178103, 0.5945079, 126.6969

1.52373, 1.169265, 0.5685081, 127.5816

1.52373, 1.169265, 0.5685081, 127.5816

1.561172, 1.160187, 0.6445203, 123.255

1.608906, 1.151994, 0.6926991, 0

1.664798, 1.146045, 0.6420521, 122.6729

1.624798, 1.173746, 0.6143502, 125.4598

1.624798, 1.173746, 0.6143502, 125.4598

1.69075, 1.167926, 0.5702811, 127.4207

1.775508, 1.162204, 0.5308959, 129.1718

1.883793, 1.156839, 0.495938, 130.7311

1000, 1.151908, 0.5386104, 128.232

1000, 1.147467, 0.6645695, 0

1000, 1.147467, 0.6645695, 0

1000, 1.144106, 0.6375215, 122.8019

1000, 1.158228, 0.6233994, 124.2163

1000, 1.155939, 0.6007485, 125.2461

1000, 1.153975, 0.5813777, 126.1332

1000, 1.152404, 0.565178, 126.8836

1000, 1.152404, 0.565178, 126.8836

1000, 1.151258, 0.552041, 127.502

1000, 1.150564, 0.5418809, 127.9923

1000, 1.150344, 0.5346339, 128.3575

1000, 1.150616, 0.5302582, 128.5996

1000, 1.151398, 0.7387506, 0

1000, 1.151398, 0.7387506, 0

1000, 1.363049, 0.7404107, 128.7185

1000, 1.150406, 0.7427077, 0

1000, 1.152238, 0.7476841, 0

1000, 1.148134, 0.7517882, 0

1000, 1.14403, 0.7558923, 0

1000, 1.14403, 0.7558923, 0

1000, 1.139926, 0.7599964, 0

1000, 1.135822, 0.7641006, 0

1000, 0.9206153, 0.7682046, 0

1000, 0.9165111, 0.7723087, 0

1000, 0.912407, 0.7764128, 0

1000, 0.912407, 0.7764128, 0

1000, 0.9083029, 0.7805169, 0

1000, 0.6930963, 0.7846211, 0

1000, 0.6889924, 0.7887252, 0

1000, 0.6848881, 0.7928293, 0

1000, 0.6848881, 0.7928293, 0

1000, 0.680784, 0.7969335, 0

1000, 0.6766798, 0.8010375, 0

1000, 0.461473, 0.8051416, 0

1000, 0.4573692, 0.8092457, 0

1000, 0.453265, 0.8133498, 0

1000, 0.453265, 0.8133498, 0

1000, 0.4491609, 0.817454, 0

1000, 0.4450568, 0.8215581, 0

1000, 0.4409525, 0.8256622, 0

1000, 0.4368488, 0.8297663, 0

1000, 0.4327444, 0.8338705, 0

1000, 0.4327444, 0.8338705, 0

1000, 0.4286404, 0.8379745, 0

1000, 0.4245363, 0.8420786, 0

1000, 0.4204321, 0.8461828, 0

1000, 0.4163278, 0.8502868, 0

1000, 0.4122241, 0.854391, 0

1000, 0.4122241, 0.854391, 0

1000, 0.4081198, 0.8584951, 0

1000, 0.4040157, 0.8625992, 0

1000, 0.3999116, 0.8667034, 0

1000, 0.3958077, 0.8708075, 0

1000, 0.3917033, 0.8749115, 0

1000, 0.3917033, 0.8749115, 0

1000, 0.3875992, 0.8790157, 0

1000, 0.3178295, 0.9487856, -129.1534

1000, 0.3137254, 0.9528897, -129.584

1000, 0.3085088, 0.9535559, -129.8934

1000, 0.3085088, 0.9535559, -129.8934

1000, 0.3057393, 0.9543519, -130.0813

1000, 0.3054054, 0.9552926, -130.1486

1000, 0.3075176, 0.9563885, -130.095

1000, 0.3121072, 0.9576464, -129.9193

1000, 0.3121072, 0.9576464, -129.9193

1000, 0.3235638, 0.9547321, -129.1645

0.7840457, 1000, 1000, 0

1000, 0.7307206, 0.7392861, 0

1000, 0.7308426, 0.7391635, 0

1000, 0.7309647, 0.7390419, 0

1000, 0.7309647, 0.7390419, 0

1000, 0.7310869, 0.7389199, 0

1000, 0.7312089, 0.7387978, 0

1000, 0.731331, 0.7386757, 0

1000, 0.7314535, 0.7385532, 0

1000, 0.7315755, 0.7384316, 0

1000, 0.7315755, 0.7384316, 0

1000, 0.7316971, 0.7383094, 0

1000, 0.7318197, 0.7381874, 0

1000, 0.7319418, 0.7380654, 0

1000, 0.7320638, 0.7379428, 0

1000, 0.7321854, 0.7378212, 0

1000, 0.7321854, 0.7378212, 0

1000, 0.7323076, 0.7376992, 0

1000, 0.73243, 0.7375766, 0

1000, 0.7325521, 0.737455, 0

1000, 0.7326742, 0.7373329, 0

1000, 0.7327963, 0.7372109, 0

1000, 0.7327963, 0.7372109, 0

1000, 0.7329183, 0.7370887, 0

1000, 0.7330405, 0.7369663, 0

1000, 0.7331625, 0.7368442, 0

1000, 0.7332841, 0.7367221, 0

1000, 0.7332841, 0.7367221, 0

1000, 0.7334062, 0.7366005, 0

1000, 0.7335282, 0.7364784, 0

1000, 0.7336507, 0.7363559, 0

1000, 0.7337728, 0.7362338, 0

1000, 0.7338944, 0.7361122, 0

1000, 0.7338944, 0.7361122, 0

1000, 0.7340165, 0.7359902, 0

1000, 0.734139, 0.7358681, 0

1000, 0.7342606, 0.735746, 0

1000, 0.7343832, 0.735624, 0

1000, 0.7345053, 0.7355014, 0

1000, 0.7345053, 0.7355014, 0

1000, 0.7346269, 0.7353798, 0

1000, 0.7347494, 0.7352577, 0

1000, 0.734871, 0.7351352, 0

1000, 0.7349936, 0.7350136, 0

1000, 0.7351152, 0.7348915, 0

1000, 0.7351152, 0.7348915, 0

1000, 0.7352372, 0.7347695, 0

1000, 0.7353598, 0.7346474, 0

1000, 0.7354814, 0.7345253, 0

1000, 0.7356035, 0.7344032, 0

1.992479, 0.735726, 0.7342811, 0

1.992479, 0.735726, 0.7342811, 0

1.952479, 0.7358481, 0.7341586, 0

1.912479, 0.7359697, 0.734037, 0

1.872478, 0.9460927, 0.7339149, 0

1.832479, 0.9462148, 0.7337924, 0

1.792478, 0.9463369, 0.7336708, 0

1.792478, 0.9463369, 0.7336708, 0

1.752478, 0.9464589, 0.7335488, 0

1.712478, 0.946581, 0.7334266, 0

1.672478, 0.9467031, 0.5233036, 0

1.632478, 0.9468251, 0.5231815, 0

1.632478, 0.9468251, 0.5231815, 0

1.592478, 0.9469472, 0.5230594, 0

1.552478, 0.9470693, 0.5229374, 0

1.512478, 0.9471914, 0.5228153, 0

1.472479, 1.157315, 0.5226932, 129.3455

1.432479, 1.157436, 0.5225711, 129.3583

1.432479, 1.157436, 0.5225711, 129.3583

1.393704, 1.158577, 0.5229089, 129.4004

1.568461, 1.160276, 0.5261251, 129.3208

1.53608, 1.162547, 0.53226, 129.1183

1.506649, 1.11641, 0.5413801, 126.2577

1.480092, 1.071574, 0.5535785, 123.3714

1.480092, 1.071574, 0.5535785, 123.3714

1.455995, 1.045905, 0.5688374, 0

1.434156, 1.030958, 0.5871902, 0

1.394156, 1.156065, 0.5999795, 125.2915

1.354156, 1.151011, 0.6127687, 124.3884

1.55787, 1.15546, 0.6350321, 123.4931

1.55787, 1.15546, 0.6350321, 123.4931

1.544001, 1.160354, 0.6609621, 0

1.533056, 1.165699, 0.6908026, 0

1.493056, 1.146888, 0.707547, 0

1.453056, 1.128077, 0.6224908, 122.7522

1.413056, 1.109266, 0.5374346, 126.094

1.413056, 1.109266, 0.5374346, 126.094

1.402567, 1.113892, 0.5454606, 125.9203

1.396051, 1.119804, 0.5803261, 124.4507

1.392921, 1.126377, 0.6199785, 122.7926

1.392992, 1.133324, 0.6647552, 0

1.396377, 1.140586, 0.7151515, 0

1.396377, 1.140586, 0.7151515, 0

1.356377, 1.109766, 0.7281786, 0

1.316377, 1.078946, 0.6762642, 0

1.276377, 1.095998, 0.6243494, 0

